date,SM_ISMN_daily,SM_SMAP,SM_SMAP_lag1,NDMI_S2,NDVI_S2,NDVI_7day,NDMI_7day,P_ERA5_daily,T2M_ERA5_daily,P_lag1,P_lag2,P_lag3,P_7day
2021-01-01,0.7712289893036455,0.15713665269464705,0.15713665269464705,0.1614593027024237,0.5000549256122372,0.0,0.6134008181900625,0.5943017677693191,0.14927470436213242,0.5943017677693191,0.5943017677693191,0.5943017677693191,0.38414652774183466
2021-01-02,0.9681062512207171,0.15713665269464705,0.15713665269464705,0.1614593027024237,0.5000549256122372,0.0,0.6134008181900625,0.03850836753411665,0.12415199219775652,0.5943017677693191,0.5943017677693191,0.5943017677693191,0.38414652774183466
2021-01-03,0.8649494288001166,0.15713665269464705,0.15713665269464705,0.1614593027024237,0.5000549256122372,0.0,0.6134008181900625,0.00038852487793921645,0.13934488682063617,0.03850836753411665,0.5943017677693191,0.5943017677693191,0.38414652774183466
2021-01-04,0.7478914885594651,0.15713665269464705,0.15713665269464705,0.1614593027024237,0.5000549256122372,0.0,0.6134008181900625,7.96522469153349e-06,0.22043290170277235,0.00038852487793921645,0.03850836753411665,0.5943017677693191,0.38414652774183466
2021-01-05,0.6730979127835709,0.7912747967484401,0.15713665269464705,0.15175741517715932,0.495183636411374,0.0,0.6134008181900625,9.407466675216257e-06,0.26899065611466233,7.96522469153349e-06,0.00038852487793921645,0.03850836753411665,0.38414652774183466
2021-01-06,0.6338135778214362,0.4533025625035162,0.7912747967484401,0.14205552765189494,0.4903123472105111,0.0,0.6134008181900625,0.013101930708074104,0.333286215528969,9.407466675216257e-06,7.96522469153349e-06,0.00038852487793921645,0.38414652774183466
2021-01-07,0.6061995197555119,0.4533025625035162,0.4533025625035162,0.1323536401266303,0.4854410580096481,0.0,0.6134008181900625,0.08599301166183705,0.2607068755403221,0.013101930708074104,9.407466675216257e-06,7.96522469153349e-06,0.38414652774183466
2021-01-08,0.5873171796550971,0.7264584153758636,0.4533025625035162,0.12265175260136596,0.48056976880878505,0.0,0.6134008181900625,0.004847661454472945,0.1969095364892947,0.08599301166183705,0.013101930708074104,9.407466675216257e-06,0.07492791868846674
2021-01-09,0.5425827174353697,0.7264584153758636,0.7264584153758636,0.11294986507610133,0.4756984796079219,0.0,0.6134008181900625,2.636846910399645e-05,0.15619367281528132,0.004847661454472945,0.08599301166183705,0.013101930708074104,0.05474085052319654
2021-01-10,0.5259768609473914,0.7165606232917109,0.7264584153758636,0.10324797755083698,0.470827190407059,0.0,0.6134008181900625,0.0009544199292779352,0.15520196831419325,2.636846910399645e-05,0.004847661454472945,0.08599301166183705,0.055037710412321944
2021-01-11,0.5043294768245653,0.7003350707379284,0.7165606232917109,0.09354609002557263,0.465955901206196,0.0,0.6134008181900625,0.0001765273272164864,0.1626317310453392,0.0009544199292779352,2.636846910399645e-05,0.004847661454472945,0.05512613551331537
2021-01-12,0.484828640034927,0.7003350707379284,0.7003350707379284,0.083844202500308,0.46108461200533296,0.0,0.6134008181900625,1.9758567189012228e-05,0.21087299864872477,0.0001765273272164864,0.0009544199292779352,2.636846910399645e-05,0.05513156554233503
2021-01-13,0.47653350796769245,0.686383235452276,0.7003350707379284,0.07414231497504359,0.4562133228044698,0.0,0.6134008181900625,5.802449807081633e-06,0.2487657358226629,1.9758567189012228e-05,0.0001765273272164864,0.0009544199292779352,0.0482615369504181
2021-01-14,0.4726042348832131,0.41857358979694304,0.686383235452276,0.06444042744977896,0.45134203360360686,0.0,0.6134008181900625,0.001888320172609571,0.3254029515698797,5.802449807081633e-06,1.9758567189012228e-05,0.0001765273272164864,0.004141502093505025
2021-01-15,0.462671905697446,0.41857358979694304,0.41857358979694304,0.06287550164962336,0.4515609445352516,0.0,0.6134008181900625,0.00023879483087578928,0.27153758427903196,0.001888320172609571,5.802449807081633e-06,1.9758567189012228e-05,0.0017237611508369832
2021-01-16,0.45182274612530005,0.6386690395215052,0.41857358979694304,0.06131057584946775,0.4517798554668963,0.0,0.6134008181900625,8.096798540736136e-07,0.22208871668380492,0.00023879483087578928,0.001888320172609571,5.802449807081633e-06,0.0017103534008929555
2021-01-17,0.44335297969875576,0.19152210251445945,0.6386690395215052,0.059745650049312204,0.45199876639854103,0.0,0.6134008181900625,0.0,0.2656334056066062,8.096798540736136e-07,0.00023879483087578928,0.001888320172609571,0.0012096793029055845
2021-01-18,0.4361691571907683,0.6374623723220745,0.19152210251445945,0.05818072424915638,0.4522176773301857,0.0,0.6134008181900625,5.171828851725079e-06,0.27531391435055697,0.0,8.096798540736136e-07,0.00023879483087578928,0.001119788829176835
2021-01-19,0.43309321108928167,0.5953334841701919,0.6374623723220745,0.056615798449000776,0.45243658826183036,0.0,0.6134008181900625,3.694163465518621e-07,0.27490913513238185,5.171828851725079e-06,0.0,8.096798540736136e-07,0.001109617577182826
2021-01-20,0.4254529578694609,0.5953334841701919,0.5953334841701919,0.05505087264884517,0.45265549919347514,0.0,0.6134008181900625,6.003017043092521e-05,0.21667571514903872,3.694163465518621e-07,5.171828851725079e-06,0.0,0.0011380646100625717
2021-01-21,0.42316088190351453,0.6282773580628862,0.5953334841701919,0.05348594684868935,0.4528744101251198,0.0,0.6134008181900625,3.099555691375386e-05,0.2757543985975277,6.003017043092521e-05,3.694163465518621e-07,5.171828851725079e-06,0.00016374052261736602
2021-01-22,0.42086880593756804,0.4357673730412229,0.6282773580628862,0.0519210210485338,0.4530933210567645,0.0,0.6134008181900625,0.0003312618517038313,0.27238237412163163,3.099555691375386e-05,6.003017043092521e-05,3.694163465518621e-07,0.00021224730755183853
2021-01-23,0.4173324601615368,0.4357673730412229,0.4357673730412229,0.05035609524837814,0.4533122319884092,0.0,0.6134008181900625,7.091530249235096e-05,0.2525087595344229,0.0003312618517038313,3.099555691375386e-05,6.003017043092521e-05,0.0002490236449914999
2021-01-24,0.41770830367396516,0.5502859173317591,0.4357673730412229,0.048791169448222316,0.45353114292005386,0.0,0.6134008181900625,0.021738529998146572,0.35977253284094923,7.091530249235096e-05,0.0003312618517038313,3.099555691375386e-05,0.011652724012635363
2021-01-25,0.583278760096049,0.5502859173317591,0.5502859173317591,0.04722624364806677,0.45375005385169864,0.0,0.6134008181900625,0.08807175430503535,0.3192081978257216,0.021738529998146572,7.091530249235096e-05,0.0003312618517038313,0.0578511062880891
2021-01-26,0.6577166557520191,0.8548733050282151,0.5502859173317591,0.04566131784791122,0.4539689647833433,0.0,0.6134008181900625,0.0050839949851386144,0.1763171156570218,0.08807175430503535,0.021738529998146572,7.091530249235096e-05,0.06051789851243639
2021-01-27,0.6053263479589608,0.7305920619236009,0.8548733050282151,0.044096392047755395,0.454187875714988,0.0,0.6134008181900625,0.0010512668139312778,0.13284793133512027,0.0050839949851386144,0.08807175430503535,0.021738529998146572,0.061037886095629504
2021-01-28,0.5511896965728008,0.7305920619236009,0.7305920619236009,0.042531466247599736,0.45440678664663264,0.0,0.6134008181900625,7.227209553051865e-05,0.1178131044178069,0.0010512668139312778,0.0050839949851386144,0.08807175430503535,0.0610595391365039
2021-01-29,0.5463872516917703,0.7668574041145428,0.7305920619236009,0.04096654044744419,0.45462569757827737,0.0,0.6134008181900625,1.2474959611607737e-05,0.2329393481257882,7.227209553051865e-05,0.0010512668139312778,0.0050839949851386144,0.06089230840844353
2021-01-30,0.6679764243614931,0.4431494005604484,0.7668574041145428,0.03940161464728864,0.4548446085099222,0.0,0.6134008181900625,0.1151307415912946,0.42102453265486134,1.2474959611607737e-05,7.227209553051865e-05,0.0010512668139312778,0.12125093355294614
2021-01-31,0.8196900240122245,0.4431494005604484,0.4431494005604484,0.037836688847132816,0.4550635194415668,0.0,0.6134008181900625,0.010024131870514626,0.26801927154866095,0.1151307415912946,1.2474959611607737e-05,7.227209553051865e-05,0.11510573945536029
2021-02-01,0.6860947391399259,0.7757245030284862,0.4431494005604484,0.03627176304697716,0.4552824303732115,0.0,0.6134008181900625,1.205048848865812e-05,0.21836193364196763,0.010024131870514626,0.1151307415912946,1.2474959611607737e-05,0.06891096561954976
2021-02-02,0.6334424798079022,0.25416657423533945,0.7757245030284862,0.03470683724682161,0.4555013413048563,0.0,0.6134008181900625,7.670749733925509e-06,0.3003248668719596,1.205048848865812e-05,0.010024131870514626,0.1151307415912946,0.06624800356303079
2021-02-03,0.6057629338572363,0.882869278958244,0.25416657423533945,0.033141911446665784,0.455720252236501,0.0,0.6134008181900625,1.529067604913434e-05,0.3444188357242505,7.670749733925509e-06,1.205048848865812e-05,0.010024131870514626,0.06570454632533144
2021-02-04,0.5880812049770793,0.7198282617984727,0.882869278958244,0.10978426196485463,0.4192717769645652,0.0,0.6134008181900625,1.3806706611589478e-05,0.3953360554407285,1.529067604913434e-05,7.670749733925509e-06,1.205048848865812e-05,0.06567387627647506
2021-02-05,0.5444226151495308,0.7198282617984727,0.7198282617984727,0.1864266124830433,0.3828233016926294,0.0,0.6134008181900625,1.86188407964224e-05,0.24880467981855459,1.3806706611589478e-05,1.529067604913434e-05,7.670749733925509e-06,0.06567709926258002
2021-02-06,0.5257585679982535,0.6597607720229685,0.7198282617984727,0.26306896300123195,0.34637482642069356,0.0,0.6134008181900625,0.006101892819631368,0.2820628981437281,1.86188407964224e-05,1.3806706611589478e-05,1.529067604913434e-05,0.008482232685713496
2021-02-07,0.4961798733900896,0.3587509280399239,0.6597607720229685,0.3397113135194206,0.3099263511487577,0.0,0.6134008181900625,0.0025360297572444295,0.11097495736060284,0.006101892819631368,1.86188407964224e-05,1.3806706611589478e-05,0.004554088840231088
2021-02-22,0.716546605544641,0.6945525807390326,0.6597607720229685,0.4891514913282581,0.3820637503590373,0.0,0.6134008181900625,2.8384434824688928e-05,0.27675713392051926,6.630518929999534e-05,0.0,2.5596004300032864e-05,0.059288475626384944
2021-02-23,0.6932048523404122,0.24272375922693795,0.6945525807390326,0.07870116382167386,0.4611080282611933,0.0,0.6134008181900625,3.2679653884236957e-06,0.3369486775732773,2.8384434824688928e-05,6.630518929999534e-05,0.0,0.05772847246939724
2021-02-24,0.6704867932765771,0.24272375922693795,0.24272375922693795,0.07760097846846858,0.45943077817318034,0.0,0.6134008181900625,5.065558978961503e-06,0.3912348203018768,3.2679653884236957e-06,2.8384434824688928e-05,6.630518929999534e-05,0.00329993291787323
2021-02-25,0.6190060394382595,0.6117260045351913,0.24272375922693795,0.07650079311526314,0.45775352808516734,0.0,0.6134008181900625,2.178544770497582e-06,0.2613246626795292,5.065558978961503e-06,3.2679653884236957e-06,2.8384434824688928e-05,5.6004575623354884e-05
2021-02-26,0.5956123117223314,0.11464948722973291,0.6117260045351913,0.0754006077620577,0.45607627799715433,0.0,0.6134008181900625,0.02392247930996297,0.3037450939006363,2.178544770497582e-06,5.065558978961503e-06,3.2679653884236957e-06,0.01259194407850443
2021-02-27,0.5798904738855195,0.6127201747936754,0.11464948722973291,0.07430042240885226,0.45439902790914116,0.0,0.6134008181900625,0.002563124960460037,0.3567029851130512,0.02392247930996297,2.178544770497582e-06,5.065558978961503e-06,0.013936520232292537
2021-02-28,0.5690897184020957,0.6474288108789471,0.6127201747936754,0.07320023705564677,0.4527217778211282,0.0,0.6134008181900625,0.027517314195846222,0.42875851384272706,0.002563124960460037,0.02392247930996297,2.178544770497582e-06,0.028336899721008484
2021-03-01,0.5439548445442357,0.6474288108789471,0.6474288108789471,0.07210005170244133,0.4510445277331152,0.0,0.6134008181900625,0.0016363414764076535,0.2983916160253402,0.027517314195846222,0.002563124960460037,0.02392247930996297,0.029180409392905275
2021-03-02,0.5211660201837018,0.6636370150496603,0.6474288108789471,0.07099986634923583,0.44936727764510226,0.0,0.6134008181900625,3.694163465518621e-07,0.3018966520462442,0.0016363414764076535,0.027517314195846222,0.002563124960460037,0.029178888858408362
2021-03-03,0.5080986684130103,0.3405496519750419,0.6636370150496603,0.06989968099603044,0.4476900275570893,0.0,0.6134008181900625,0.0,0.38916545644647355,3.694163465518621e-07,0.0016363414764076535,0.027517314195846222,0.029176231543640727
2021-03-04,0.49541584806810746,0.3405496519750419,0.3405496519750419,0.06879949564282495,0.4460127774690763,0.0,0.6134008181900625,0.00016216875316468353,0.4380511409987318,0.0,3.694163465518621e-07,0.0016363414764076535,0.029260159960071818
2021-03-05,0.5038513113169302,0.3405496519750419,0.3405496519750419,0.06769931028961967,0.4443355273810633,0.0,0.6134008181900625,0.11673433131931238,0.42817197051348294,0.00016216875316468353,0.0,3.694163465518621e-07,0.07794783805840529
2021-03-06,0.529000860331035,0.3405496519750419,0.3405496519750419,0.06659912493641429,0.4426582772930503,0.0,0.6134008181900625,0.009442038604017895,0.36484315110858623,0.11673433131931238,0.00016216875316468353,0.0,0.08155641094961363
2021-03-07,0.522156734337481,0.6886266553049978,0.3405496519750419,0.06549893958320885,0.4409810272050371,0.0,0.6134008181900625,1.348622905593917e-05,0.4065095752346752,0.009442038604017895,0.11673433131931238,0.00016216875316468353,0.06712832344216758
2021-03-08,0.5109858299403015,0.7328984837990488,0.6886266553049978,0.06439875423000335,0.4393037771170242,0.0,0.6134008181900625,2.5909754479741843e-06,0.44407696427503324,1.348622905593917e-05,0.009442038604017895,0.11673433131931238,0.06627128291596729
2021-03-09,0.5038201266099106,0.7328984837990488,0.7328984837990488,0.06329856887679791,0.43762652702901117,0.0,0.6134008181900625,3.744769313025295e-07,0.5205654319861599,2.5909754479741843e-06,1.348622905593917e-05,0.009442038604017895,0.06627128557067266
2021-03-10,0.5013097576948264,0.6535213305944194,0.7328984837990488,0.062198383523592415,0.4359492769409982,0.0,0.6134008181900625,0.0009249623045987947,0.5910069161878304,3.744769313025295e-07,2.5909754479741843e-06,1.348622905593917e-05,0.06675650664927868
2021-03-11,0.4925780397293168,0.40129949765017614,0.6535213305944194,0.06920780499927642,0.4569194518423059,0.0,0.6134008181900625,0.05899766825972353,0.4864525999700701,0.0009249623045987947,3.744769313025295e-07,2.5909754479741843e-06,0.09762070985946171
2021-03-12,0.4802444881030341,0.40129949765017614,0.40129949765017614,0.07621722647496021,0.4778896267436135,0.0,0.6134008181900625,0.015431071906714892,0.46845156670901095,0.05899766825972353,0.0009249623045987947,3.744769313025295e-07,0.044478569305088665
2021-03-13,0.4911686265577101,0.9529677864390805,0.40129949765017614,0.08322664795064422,0.4988598016449213,0.0,0.6134008181900625,0.36864335262800674,0.5423384410469412,0.015431071906714892,0.05899766825972353,0.0009249623045987947,0.23291008501211963
2021-03-14,0.5263612463578298,0.9529677864390805,0.9529677864390805,0.09023606942632795,0.5198299765462289,0.0,0.6134008181900625,0.09037097912686685,0.5337649868115223,0.36864335262800674,0.015431071906714892,0.05899766825972353,0.2803102438575429
2021-03-15,0.5441283942180842,0.7519742345798971,0.9529677864390805,0.09724549090201173,0.5408001514475366,0.009982609587678382,0.6011911092680875,0.005758626166871564,0.4652931612800132,0.09037097912686685,0.36864335262800674,0.015431071906714892,0.28332977188608055
2021-03-16,0.5258677144728225,0.7160028188217257,0.7519742345798971,0.11385814918898851,0.5433947744230428,0.009982609587678382,0.6011911092680875,0.0,0.4679842693146144,0.005758626166871564,0.09037097912686685,0.36864335262800674,0.2833295754412095
2021-03-17,0.6191879502292078,0.7160028188217257,0.7160028188217257,0.1304708074759655,0.5459893973985491,0.009982609587678382,0.6011911092680875,0.13400614015478138,0.5100461682675496,0.0,0.005758626166871564,0.09037097912686685,0.3531419259960078
2021-03-18,0.7272429600523902,0.8427545048780812,0.7160028188217257,0.14708346576294234,0.5485840203740555,0.009982609587678382,0.6011911092680875,0.06003444386367589,0.27635206441755544,0.13400614015478138,0.0,0.005758626166871564,0.3536858026213805
2021-03-19,0.6745252128356253,0.8427545048780812,0.8427545048780812,0.16369612404991885,0.5511786433495617,0.009982609587678382,0.6011911092680875,0.0023938838608872433,0.3474330154485753,0.06003444386367589,0.13400614015478138,0.0,0.34684669316347677
2021-03-20,0.6370822275072094,0.8427545048780812,0.8427545048780812,0.18030878233689565,0.5537732663250681,0.03507833515749714,0.6232224892278537,4.027669522625504e-06,0.3708626797884558,0.0023938838608872433,0.06003444386367589,0.13400614015478138,0.15346414126528166
2021-03-21,0.6045623226369788,0.6812460388982708,0.8427545048780812,0.19545988565286204,0.5484083414950528,0.03507833515749714,0.6232224892278537,1.423265286445576e-05,0.43908281313153835,4.027669522625504e-06,0.0023938838608872433,0.06003444386367589,0.1060643739823726
2021-03-22,0.6116766882975134,0.6298419497972244,0.6812460388982708,0.21061098896882843,0.5430434166650375,0.03507833515749714,0.6232224892278537,0.06944159997358891,0.450161043124632,1.423265286445576e-05,4.027669522625504e-06,0.0023938838608872433,0.1394714880730786
2021-03-23,0.9970312158917266,0.6298419497972244,0.6298419497972244,0.22576209228479485,0.5376784918350224,0.03507833515749714,0.6232224892278537,0.22103970729512118,0.41307080588327866,0.06944159997358891,1.423265286445576e-05,4.027669522625504e-06,0.25542553793570394
2021-03-24,0.8894346212617333,0.8464242274402906,0.6298419497972244,0.24091319560076124,0.5323135670050072,0.03507833515749714,0.6232224892278537,0.01362737750875884,0.3718891115169501,0.22103970729512118,0.06944159997358891,1.423265286445576e-05,0.19227668012609114
2021-03-25,0.7777777777777778,0.8464242274402906,0.8464242274402906,0.25606429891672744,0.5269486421749919,0.03507833515749714,0.6232224892278537,0.0053322158492881125,0.38609849072536373,0.01362737750875884,0.22103970729512118,0.06944159997358891,0.16358072792638867
2021-03-26,0.7238499283429666,0.7492507044512237,0.8464242274402906,0.2712154022326938,0.5215837173449767,0.03507833515749714,0.6232224892278537,0.0003489922589530739,0.4408983611361232,0.0053322158492881125,0.01362737750875884,0.22103970729512118,0.16250800906661494
2021-03-27,0.6769264352761407,0.7492507044512237,0.7492507044512237,0.28636650554866017,0.5162187925149615,0.03507833515749714,0.6232224892278537,6.249446583458842e-05,0.5438256922356387,0.0003489922589530739,0.0053322158492881125,0.01362737750875884,0.16253867985376821
2021-03-28,0.6239903951102379,0.7492507044512237,0.7492507044512237,0.3015176088646266,0.5108538676849463,0.03507833515749714,0.6232224892278537,1.5186415895872493e-05,0.4409965079504047,6.249446583458842e-05,0.0003489922589530739,0.0053322158492881125,0.1625391801832676
2021-03-29,0.5940842610783672,0.6806962030635711,0.7492507044512237,0.316668712180593,0.5054889428549312,0.03507833515749714,0.6232224892278537,2.290196833563334e-05,0.5042841527499948,1.5186415895872493e-05,6.249446583458842e-05,0.0003489922589530739,0.12612319290025634
2021-03-30,0.5670159353852872,0.4068143328107583,0.6806962030635711,0.33181981549655915,0.5001240180249159,0.03507833515749714,0.6232224892278537,7.964039780233453e-06,0.535495588320561,2.290196833563334e-05,1.5186415895872493e-05,6.249446583458842e-05,0.010173320851097527
2021-03-31,0.5339445535909192,0.6025110248870651,0.4068143328107583,0.34697091881252556,0.49475909319490063,0.03507833515749714,0.6232224892278537,6.340308460425714e-05,0.40722520362522924,7.964039780233453e-06,2.290196833563334e-05,1.5186415895872493e-05,0.0030578673158018297
2021-04-01,0.5123105734211101,0.565674348147476,0.6025110248870651,0.3621220221284919,0.4893941683648854,0.03507833515749714,0.6232224892278537,1.8822688552159253e-05,0.39083729820337443,6.340308460425714e-05,7.964039780233453e-06,2.290196833563334e-05,0.00027054252678955086
2021-04-02,0.500764025321982,0.565674348147476,0.565674348147476,0.37727312544445835,0.4840292435348702,0.03507833515749714,0.6232224892278537,5.081949174611348e-06,0.42680407220666017,1.8822688552159253e-05,6.340308460425714e-05,7.964039780233453e-06,9.013243804888872e-05
2021-04-03,0.4931237721021611,0.60563140965428,0.565674348147476,0.39242422876042476,0.47866431870485504,0.03507833515749714,0.6232224892278537,3.133994898768233e-06,0.49713535513631907,5.081949174611348e-06,1.8822688552159253e-05,6.340308460425714e-05,5.899284285583562e-05
2021-04-04,0.4875573018991487,0.29565191208130004,0.60563140965428,0.4075753320763909,0.4732993938748398,0.039385237481990076,0.6944178122957024,7.693572113016107e-06,0.5505385737682023,3.133994898768233e-06,5.081949174611348e-06,1.8822688552159253e-05,5.506221160300746e-05
2021-04-05,0.4839554682383759,0.29565191208130004,0.29565191208130004,0.41505653842416873,0.49396104556162085,0.039385237481990076,0.6944178122957024,4.3212812698030406e-05,0.5966119640263814,7.693572113016107e-06,3.133994898768233e-06,5.081949174611348e-06,6.571696992118135e-05
2021-04-06,0.4799170486793276,0.4783621358341459,0.29565191208130004,0.4225377447719466,0.514622697248402,0.039385237481990076,0.6944178122957024,0.0003154057265641945,0.6087081005421227,4.3212812698030406e-05,7.693572113016107e-06,3.133994898768233e-06,0.00022699617679056147
2021-04-07,0.4764243614931237,0.38324331715278426,0.4783621358341459,0.43001895111972444,0.5352843489351832,0.039385237481990076,0.6944178122957024,0.008070643351198807,0.557557721029139,0.0003154057265641945,4.3212812698030406e-05,7.693572113016107e-06,0.0044274719578006995
2021-04-08,0.4663828858327874,0.46034144066575966,0.38324331715278426,0.4375001574675023,0.5559460006219643,0.039385237481990076,0.6944178122957024,0.000575151023842103,0.4923895961015675,0.008070643351198807,0.0003154057265641945,4.3212812698030406e-05,0.004719313294000411
2021-04-09,0.4607072691552062,0.42957698852365034,0.46034144066575966,0.44498136381528014,0.5766076523087453,0.039385237481990076,0.6944178122957024,0.018614609427014834,0.5712012587970614,0.000575151023842103,0.008070643351198807,0.0003154057265641945,0.01448158679450016
2021-04-10,0.5301145045742297,0.09622338774119678,0.42957698852365034,0.452462570163058,0.5972693039955265,0.039385237481990076,0.6944178122957024,0.009692252134910647,0.4432471928506223,0.018614609427014834,0.000575151023842103,0.008070643351198807,0.01956434998524116
2021-04-11,0.5085134250163721,0.6263909496722787,0.09622338774119678,0.45994377651083584,0.6179309556823075,0.039385237481990076,0.6944178122957024,9.278424566209882e-06,0.5139486499962242,0.009692252134910647,0.018614609427014834,0.000575151023842103,0.019565181374599342
2021-04-12,0.49596158044095184,0.1865602366883896,0.6263909496722787,0.46742498285861395,0.6385926073690886,0.039385237481990076,0.6944178122957024,6.901791116630308e-06,0.5194122374746506,9.278424566209882e-06,0.009692252134910647,0.018614609427014834,0.019546133168019016
2021-04-13,0.48504693298406465,0.1865602366883896,0.1865602366883896,0.47490618920639177,0.6592542590558698,0.039385237481990076,0.6944178122957024,0.0021593231077119404,0.4657911983055336,6.901791116630308e-06,9.278424566209882e-06,0.009692252134910647,0.020513424025270736
2021-04-14,0.5701216487071105,0.8397295777210573,0.1865602366883896,0.48238739555416965,0.6799159107426509,0.039385237481990076,0.6944178122957024,0.1407097507196926,0.4210894189438181,0.0021593231077119404,6.901791116630308e-06,9.278424566209882e-06,0.0900938711664072
2021-04-15,0.5949574328749181,0.054020727457960285,0.8397295777210573,0.4898686019019475,0.7005775624294319,0.039385237481990076,0.6944178122957024,0.03399288262596393,0.3973201672376497,0.1407097507196926,0.0021593231077119404,6.901791116630308e-06,0.10762430207362274
2021-04-16,0.6302663173979481,0.9611760618294715,0.054020727457960285,0.4973498082497253,0.7212392141162131,0.039385237481990076,0.6944178122957024,0.09783434309780165,0.3914459795671599,0.03399288262596393,0.1407097507196926,0.0021593231077119404,0.14918176276959547
2021-04-17,0.8976206068543987,0.7758600528349573,0.9611760618294715,0.5048310145975032,0.7419008658029942,0.039385237481990076,0.6944178122957024,0.011423926518531864,0.3340188637749265,0.09783434309780165,0.03399288262596393,0.1407097507196926,0.15009017266699076
2021-04-18,0.7672997162191662,0.7758600528349573,0.7758600528349573,0.5123122209452811,0.7625625174897753,0.039385237481990076,0.6944178122957024,0.0014775619933619496,0.39520542728660285,0.011423926518531864,0.09783434309780165,0.03399288262596393,0.1508604117712314
2021-04-19,0.6865313250382015,0.7447253496752337,0.7758600528349573,0.5197934272930591,0.7832241691765565,0.20892295844664377,0.6412215534452608,0.0001817756574021992,0.4454341373228857,0.0014775619933619496,0.011423926518531864,0.09783434309780165,0.15095214792696146
2021-04-20,0.6199519755511895,0.28312646251175255,0.7447253496752337,0.5477749892223616,0.7067185605724191,0.20892295844664377,0.6412215534452608,0.0027481925884507625,0.3318180925799169,0.0001817756574021992,0.0014775619933619496,0.011423926518531864,0.1512610598503789
2021-04-21,0.5676053263479589,0.28312646251175255,0.28312646251175255,0.5757565511516641,0.6302129519682819,0.20892295844664377,0.6412215534452608,0.0003604720012831164,0.31122312029714866,0.0027481925884507625,0.0001817756574021992,0.0014775619933619496,0.07763597473854587
2021-04-22,0.5421305391835844,0.6210409241508564,0.28312646251175255,0.6037381130809667,0.5537073433641447,0.20892295844664377,0.6412215534452608,0.0006917845731670226,0.36099214145608227,0.0003604720012831164,0.0027481925884507625,0.0001817756574021992,0.06016672800751104
2021-04-23,0.5283780833879065,0.18702986737887461,0.6210409241508564,0.6317196750102692,0.4772017347600076,0.20892295844664377,0.6412215534452608,0.036243980243256355,0.4131873781424579,0.0006917845731670226,0.0003604720012831164,0.0027481925884507625,0.02785736561789316
2021-04-24,0.8133158698974022,1.0,0.18702986737887461,0.6597012369395718,0.40069612615587036,0.29095152327849727,0.36147561018399316,0.3582371439391562,0.5021800769453311,0.036243980243256355,0.0006917845731670226,0.0003604720012831164,0.20979027531052297
2021-04-25,0.8105217201484393,0.7535951878075564,1.0,0.6623088871763918,0.4880177624444031,0.29095152327849727,0.36147561018399316,0.017861156040228008,0.5234119798850976,0.3582371439391562,0.036243980243256355,0.0006917845731670226,0.21838485817659087
2021-04-26,0.6962453612748308,0.7535951878075564,0.7535951878075564,0.664916537413212,0.5753393987329359,0.29095152327849727,0.36147561018399316,0.0,0.6554877231306481,0.017861156040228008,0.3582371439391562,0.036243980243256355,0.21828950144679718
2021-04-27,0.6270464963981662,0.6544776498352974,0.7535951878075564,0.6675241876500322,0.6626610350214687,0.29095152327849727,0.36147561018399316,0.0004314571765533065,0.6643193627668367,0.0,0.017861156040228008,0.3582371439391562,0.21707417748189978
2021-04-28,0.6342501637197119,0.1716544063471509,0.6544776498352974,0.6701318378868524,0.7499826713100015,0.29095152327849727,0.36147561018399316,0.3342010516373529,0.6243291957820399,0.0004314571765533065,0.0,0.017861156040228008,0.39220183979645723
2021-04-29,0.6353416284654005,0.1716544063471509,0.1716544063471509,0.6727394881236726,0.8373043075985342,0.3831198818523833,0.4744269336589012,0.1031707782430637,0.6082923668927755,0.3342010516373529,0.0004314571765533065,0.0,0.4459607525605131
2021-04-30,0.6007421960270682,0.6961677235034629,0.1716544063471509,0.6762466241528764,0.8408269513811643,0.3831198818523833,0.4744269336589012,0.0031648740818723967,0.5856303683110464,0.1031707782430637,0.3342010516373529,0.0004314571765533065,0.4286079593805665
2021-05-01,0.5631958087753766,0.2345281008424156,0.6961677235034629,0.6797537601820803,0.8443495951637942,0.3831198818523833,0.4744269336589012,0.00035402239510864074,0.5844362283664308,0.0031648740818723967,0.1031707782430637,0.3342010516373529,0.24086794728805824
2021-05-02,0.5446409080986685,0.6362365305939879,0.2345281008424156,0.6832608962112843,0.8478722389464242,0.3831198818523833,0.4744269336589012,0.010093488037753244,0.6022818217631547,0.00035402239510864074,0.0031648740818723967,0.1031707782430637,0.2367931474527838
2021-05-03,0.5326347958960926,0.5993605917242945,0.6362365305939879,0.6867680322404881,0.8513948827290542,0.3831198818523833,0.4744269336589012,0.008728499376702302,0.6039025428412605,0.010093488037753244,0.00035402239510864074,0.0031648740818723967,0.24137198473200952
2021-05-04,0.5822964418249291,0.5993605917242945,0.5993605917242945,0.6902751682696919,0.8549175265116841,0.3831198818523833,0.4744269336589012,0.11482789613586952,0.5215469154071181,0.008728499376702302,0.010093488037753244,0.00035402239510864074,0.3013826070293189
2021-05-05,0.6100196463654224,0.755617561037723,0.5993605917242945,0.693782304298896,0.8584401702943141,0.3831198818523833,0.4744269336589012,0.00692626461673848,0.4869594830425176,0.11482789613586952,0.008728499376702302,0.010093488037753244,0.12969925910350458
2021-05-06,0.5801135123335515,0.4195999666230391,0.755617561037723,0.6972894403280998,0.8619628140769441,0.3831198818523833,0.4744269336589012,1.0867420488355557e-05,0.5608988836487396,0.00692626461673848,0.11482789613586952,0.008728499376702302,0.07558314761511
2021-05-07,0.5485701811831479,0.4195999666230391,0.4195999666230391,0.7007965763573037,0.8654854578595739,0.3831198818523833,0.4744269336589012,1.728666474692863e-05,0.5624770856446304,1.0867420488355557e-05,0.00692626461673848,0.11482789613586952,0.07393197139533224
2021-05-08,0.5264134468456669,0.5795425542659394,0.4195999666230391,0.7043037123865077,0.8690081016422039,0.3831198818523833,0.4744269336589012,0.00010426652320410589,0.6810285523352533,1.728666474692863e-05,1.0867420488355557e-05,0.00692626461673848,0.07380095328470095
2021-05-09,0.5085134250163721,0.08863239106227087,0.5795425542659394,0.7078108484157114,0.8725307454248339,0.3831198818523833,0.4744269336589012,0.04408031027309247,0.6184254296195759,0.00010426652320410589,1.728666474692863e-05,1.0867420488355557e-05,0.09162992043442215
2021-05-10,0.4911591355599214,0.4917065701958224,0.08863239106227087,0.7113179844449153,0.8760533892074638,0.3831198818523833,0.4744269336589012,0.00792305282427934,0.45943726155110104,0.04408031027309247,0.00010426652320410589,1.728666474692863e-05,0.09120739549153199
2021-05-11,0.4753328967474352,0.5185946548013135,0.4917065701958224,0.7148251204741194,0.8795760329900938,0.3831198818523833,0.4744269336589012,0.04259814022318272,0.44034824090856833,0.00792305282427934,0.04408031027309247,0.00010426652320410589,0.05331677022264027
2021-05-12,0.4773876977686664,0.5185946548013135,0.5185946548013135,0.7183322565033231,0.8830986767727238,0.3831198818523833,0.4744269336589012,0.006655396975605544,0.476233842118536,0.04259814022318272,0.00792305282427934,0.04408031027309247,0.05317467720075544
2021-05-13,0.46463654223968565,0.6029877318916967,0.5185946548013135,0.721839392532527,0.8866213205553536,0.3831198818523833,0.4744269336589012,0.00018589359615913352,0.5017583695406326,0.006655396975605544,0.04259814022318272,0.00792305282427934,0.05326649325565953
2021-05-14,0.43604016590264116,0.3368367659717028,0.6029877318916967,0.7253465285617311,0.8901439643379836,0.49439790640940107,0.60051890041879,0.00030430033843854696,0.5617372719478789,0.00018589359615913352,0.006655396975605544,0.04259814022318272,0.053417056239287004
2021-05-15,0.4109364767518009,0.3368367659717028,0.3368367659717028,0.7291158675170194,0.896160658390991,0.49439790640940107,0.60051890041879,0.005778854040266245,0.6167593018895348,0.00030430033843854696,0.00018589359615913352,0.006655396975605544,0.05639385806351642
2021-05-16,0.42174197773411914,0.47392858637717417,0.3368367659717028,0.7328852064723077,0.9021773524439987,0.49439790640940107,0.60051890041879,0.05001305043888268,0.634820867167745,0.005778854040266245,0.00030430033843854696,0.00018589359615913352,0.05950608281907835
2021-05-17,0.5693080113512332,0.33488345424734406,0.47392858637717417,0.7366545454275961,0.9081940464970061,0.49439790640940107,0.60051890041879,0.03053398801668164,0.6124434851805425,0.05001305043888268,0.005778854040266245,0.00030430033843854696,0.07136743360905146
2021-05-18,0.533289674743506,0.6197021104162744,0.33488345424734406,0.7404238843828846,0.9142107405500137,0.49439790640940107,0.60051890041879,0.019287369887404666,0.6345626512106823,0.03053398801668164,0.05001305043888268,0.005778854040266245,0.05913896000615196
2021-05-19,0.5638506876227898,0.9078956081385415,0.6197021104162744,0.744193223338173,0.9202274346030211,0.49439790640940107,0.60051890041879,0.3309061394181548,0.6054763294527614,0.019287369887404666,0.03053398801668164,0.05001305043888268,0.22923594039609355
2021-05-20,0.6101287928399913,0.9078956081385415,0.9078956081385415,0.7479625622934614,0.9262441286560286,0.49439790640940107,0.60051890041879,0.044703402683987856,0.6151431948117247,0.3309061394181548,0.019287369887404666,0.03053398801668164,0.25258914481215783
2021-05-21,0.6112202575856799,0.5932531723209703,0.9078956081385415,0.7517319012487498,0.9322608227090362,0.49439790640940107,0.60051890041879,0.022368804880460752,0.6505177878496423,0.044703402683987856,0.3309061394181548,0.019287369887404666,0.2641638464400596
2021-05-22,0.5956123117223314,0.35090941738920994,0.5932531723209703,0.7555012402040381,0.9382775167620436,0.49439790640940107,0.60051890041879,0.0293633498635478,0.6493418594558713,0.022368804880460752,0.044703402683987856,0.3309061394181548,0.2765359122473419
2021-05-23,0.5910281597904388,0.8251857392389859,0.35090941738920994,0.7592705791593266,0.9442942108150512,0.49439790640940107,0.60051890041879,0.06177364362342358,0.6249007818056838,0.0293633498635478,0.022368804880460752,0.044703402683987856,0.2827053395652743
2021-05-24,0.5927937645261118,0.6435810391220772,0.8251857392389859,0.763039918114615,0.9503109048680587,0.49439790640940107,0.60051890041879,0.029891282184649457,0.6121519934200079,0.06177364362342358,0.0293633498635478,0.022368804880460752,0.2823681859153423
2021-05-25,0.6473633330214863,0.6435810391220772,0.6435810391220772,0.7668092570699034,0.9563275989210661,0.49439790640940107,0.60051890041879,0.011493957525441252,0.661667473734766,0.029891282184649457,0.06177364362342358,0.0293633498635478,0.2782798809828147
2021-05-26,0.6282471076184238,0.6462614888162385,0.6435810391220772,0.7705785960251919,0.9623442929740736,0.49439790640940107,0.60051890041879,0.0017758679868004465,0.6863647200703599,0.011493957525441252,0.029891282184649457,0.06177364362342358,0.10562317431293097
2021-05-27,0.6015062213490504,0.5934450006141454,0.6462614888162385,0.77434793498048,0.9683609870270811,0.49439790640940107,0.60051890041879,0.05250170510550746,0.7320488231510989,0.0017758679868004465,0.011493957525441252,0.029891282184649457,0.10971404449591314
2021-05-28,0.6638288583278761,0.5934450006141454,0.5934450006141454,0.7781172739357685,0.9743776810800887,0.49439790640940107,0.60051890041879,0.0347975652277483,0.605650851722302,0.05250170510550746,0.0017758679868004465,0.011493957525441252,0.11623398208846446
2021-05-29,0.6244269810085133,0.7420304568296177,0.5934450006141454,0.7818866128910571,0.9803943751330961,0.6020988068729265,0.7306975735285988,0.0006411652344445414,0.547268622590283,0.0347975652277483,0.05250170510550746,0.0017758679868004465,0.10116676330953298
2021-05-30,0.5748744815542456,0.3190537187493834,0.7420304568296177,0.7721323662463213,0.9745169124047188,0.6020988068729265,0.7306975735285988,0.00015234252895446234,0.5497204748478555,0.0006411652344445414,0.0347975652277483,0.05250170510550746,0.06884117119242092
2021-05-31,0.5814232700283782,0.798622791554467,0.3190537187493834,0.7623781196015857,0.9686394496763414,0.6020988068729265,0.7306975735285988,0.18287162495800832,0.5589045354935416,0.00015234252895446234,0.0006411652344445414,0.0347975652277483,0.14909231932780892
2021-06-01,0.7628247107618423,0.7991822561568033,0.798622791554467,0.7526238729568504,0.9627619869479641,0.6020988068729265,0.7306975735285988,0.11153336948639116,0.5408787210785643,0.18287162495800832,0.00015234252895446234,0.0006411652344445414,0.20157146483834837
2021-06-02,0.7165466055446407,0.7991822561568033,0.7991822561568033,0.7428696263121146,0.9568845242195867,0.6020988068729265,0.7306975735285988,0.015683420572427276,0.5747643212190625,0.11153336948639116,0.18287162495800832,0.00015234252895446234,0.20886715422246316
2021-06-03,0.6505129884304738,0.6919561337418394,0.7991822561568033,0.7331153796673793,0.9510070614912094,0.6020988068729265,0.7306975735285988,0.01032668538955546,0.6179157048118455,0.015683420572427276,0.11153336948639116,0.18287162495800832,0.18674278390482002
2021-06-04,0.5867714472822527,0.66950126656685,0.6919561337418394,0.7233611330226436,0.9451295987628321,0.6020988068729265,0.7306975735285988,0.001613384642531781,0.6962347389457457,0.01032668538955546,0.015683420572427276,0.11153336948639116,0.1693348702891405
2021-06-05,0.5454049334206507,0.66950126656685,0.66950126656685,0.7136068863779079,0.9392521360344547,0.6020988068729265,0.7306975735285988,0.0020074063688930734,0.681580353158944,0.001613384642531781,0.01032668538955546,0.015683420572427276,0.170051579492961
2021-06-06,0.5199738048461033,0.6279475727713311,0.66950126656685,0.7038526397331725,0.9333746733060774,0.6020988068729265,0.7306975735285988,0.01534843964969773,0.6603059616932565,0.0020074063688930734,0.001613384642531781,0.01032668538955546,0.17802321963317966
2021-06-07,0.4901768172888016,0.26387851450278155,0.6279475727713311,0.6940983930884368,0.9274972105777,0.6020988068729265,0.7306975735285988,0.08737286300865169,0.6755689830094037,0.01534843964969773,0.0020074063688930734,0.001613384642531781,0.12792602967395686
2021-06-08,0.4555773848504694,0.26387851450278155,0.26387851450278155,0.6843441464437015,0.9216197478493227,0.6020988068729265,0.7306975735285988,0.010072931025072573,0.7044974967902529,0.08737286300865169,0.01534843964969773,0.0020074063688930734,0.07470143539452333
2021-06-09,0.4166120934293822,0.5689623647788479,0.26387851450278155,0.6745898997989657,0.9157422851209454,0.6020988068729265,0.7306975735285988,0.0008939333684269625,0.7696231331919035,0.010072931025072573,0.08737286300865169,0.01534843964969773,0.06694309659793028
2021-06-10,0.3673870333988212,0.06834131964211128,0.5689623647788479,0.6648356531542301,0.9098648223925679,0.6020988068729265,0.7306975735285988,0.0015200727160414494,0.8108084637571428,0.0008939333684269625,0.010072931025072573,0.08737286300865169,0.06232328227786303
2021-06-11,0.3130320890635232,0.49802586399046156,0.06834131964211128,0.6550814065094946,0.9039873596641906,0.6020988068729265,0.7306975735285988,0.00019829565676171513,0.8211461619805926,0.0015200727160414494,0.0008939333684269625,0.010072931025072573,0.06158094823831892
2021-06-12,0.36727788692425223,0.6861347136393093,0.49802586399046156,0.645327159864759,0.8981098969358131,0.6020988068729265,0.7306975735285988,0.0725325256164102,0.7984638740200697,0.00019829565676171513,0.0015200727160414494,0.0008939333684269625,0.09857734718339979
2021-06-13,0.33649858109583053,0.6861347136393093,0.6861347136393093,0.6355729132200236,0.8922324342074359,0.6850215460423588,0.8172621671081884,0.004181735829110407,0.8082584799634375,0.0725325256164102,0.00019829565676171513,0.0015200727160414494,0.09271946514284511
2021-06-14,0.2739576511678672,0.5210599098394574,0.6861347136393093,0.6268021759006768,0.8869027661170529,0.6850215460423588,0.8172621671081884,2.278742730621483e-05,0.7855828532748679,0.004181735829110407,0.0725325256164102,0.00019829565676171513,0.046896951426156935
2021-06-15,0.22604234883213284,0.09562980741904435,0.5210599098394574,0.6180314385813299,0.8815730980266699,0.6850215460423588,0.8172621671081884,1.1945126164017884e-05,0.7813726543938843,2.278742730621483e-05,0.004181735829110407,0.0725325256164102,0.04161911209644948
2021-06-16,0.1937349923597467,0.6607468076329317,0.09562980741904435,0.6092607012619832,0.876243429936287,0.6850215460423588,0.8172621671081884,9.402741761594134e-06,0.804857365896259,1.1945126164017884e-05,2.278742730621483e-05,0.004181735829110407,0.04115510085772468
2021-06-17,0.17201484392054148,0.3724128212104486,0.6607468076329317,0.6004899639426364,0.8709137618459041,0.6850215460423588,0.8172621671081884,2.5478135663542597e-05,0.8375691001927882,9.402741761594134e-06,1.1945126164017884e-05,2.278742730621483e-05,0.040371059399208986
2021-06-18,0.15607945863348602,0.032832510139414,0.3724128212104486,0.5917192266232896,0.8655840937555211,0.781131579202017,0.8522755589181115,1.8192494124695144e-06,0.8413265617531621,2.5478135663542597e-05,9.402741761594134e-06,1.1945126164017884e-05,0.04026799088082651
2021-06-19,0.14625627592228765,0.304293897048428,0.032832510139414,0.59093747327497,0.7886897245977983,0.781131579202017,0.8522755589181115,1.1299243311515995e-05,0.828175209480579,1.8192494124695144e-06,2.5478135663542597e-05,9.402741761594134e-06,0.002224464666156048
2021-06-20,0.13828858327876017,0.2727969945129929,0.304293897048428,0.5901557199266506,0.7117953554400756,0.781131579202017,0.8522755589181115,1.4946705746399073e-05,0.8351376289828897,1.1299243311515995e-05,1.8192494124695144e-06,2.5478135663542597e-05,3.863081897080287e-05
2021-06-21,0.13130320890635236,0.2727969945129929,0.2727969945129929,0.5893739665783313,0.6349009862823529,0.781131579202017,0.8522755589181115,0.0005460097021004122,0.7552371691641486,1.4946705746399073e-05,1.1299243311515995e-05,1.8192494124695144e-06,0.0003131052221590022
2021-06-22,0.128422691077513,0.4696332014351263,0.2727969945129929,0.5885922132300119,0.5580066171246301,0.781131579202017,0.8522755589181115,9.652902010283792e-05,0.6778022049879644,0.0005460097021004122,1.4946705746399073e-05,1.1299243311515995e-05,0.00035747663929204353
2021-06-23,0.12781052172014853,0.2853449803792071,0.4696332014351263,0.5878104598816924,0.4811122479669074,0.7071139415673626,0.8652084178523383,3.145724607294309e-05,0.7484619375149778,9.652902010283792e-05,0.0005460097021004122,1.4946705746399073e-05,0.0003690460949518778
2021-06-24,0.12912027941497498,0.40714710634054574,0.2853449803792071,0.6081140669270627,0.532748380869764,0.7071139415673626,0.8652084178523383,1.338816871094366e-05,0.8465341791620908,3.145724607294309e-05,9.652902010283792e-05,0.0005460097021004122,0.00036270388319266915
2021-06-25,0.1289019864658371,0.27694599728497826,0.40714710634054574,0.6284176739724326,0.5843845137726205,0.7071139415673626,0.8652084178523383,0.0005193314796546084,0.8669613362817105,1.338816871094366e-05,3.145724607294309e-05,9.652902010283792e-05,0.0006341828843383604
2021-06-26,0.3171796550971403,0.3448796921799198,0.27694599728497826,0.6487212810178029,0.6360206466754772,0.7071139415673626,0.8652084178523383,0.20027232186380278,0.784179524945891,0.0005193314796546084,1.338816871094366e-05,3.145724607294309e-05,0.10568805255614885
2021-06-27,0.5508622571490941,0.3448796921799198,0.3448796921799198,0.6690248880631734,0.6876567795783337,0.7071139415673626,0.8652084178523383,0.5851476681599661,0.6835248945559614,0.20027232186380278,0.0005193314796546084,1.338816871094366e-05,0.41263972920295305
2021-06-28,0.5307793058284218,0.7755256191728188,0.3448796921799198,0.6893284951085434,0.7392929124811903,0.7071139415673626,0.8652084178523383,0.44934760669464496,0.675989575109394,0.5851476681599661,0.20027232186380278,0.0005193314796546084,0.6480741830072994
2021-06-29,0.5829513206723423,0.7755256191728188,0.7755256191728188,0.7096321021539138,0.790929045384047,0.7071139415673626,0.8652084178523383,0.1940852867295007,0.7061808735479004,0.44934760669464496,0.5851476681599661,0.20027232186380278,0.749837718434858
2021-06-30,0.5827330277232043,0.9800343352723196,0.7755256191728188,0.7299357091992841,0.8425651782869035,0.7071139415673626,0.8652084178523383,0.06172204271893823,0.7475573184499749,0.1940852867295007,0.44934760669464496,0.5851476681599661,0.7821996560772404
2021-07-01,0.5396201702685003,0.2739600002315885,0.9800343352723196,0.7502393162446543,0.8942013111897602,0.7071139415673626,0.8652084178523383,0.031013608030195875,0.7564238075387427,0.06172204271893823,0.1940852867295007,0.44934760669464496,0.7984618972987765
2021-07-02,0.5461689587426326,0.2739600002315885,0.2739600002315885,0.7705429232900243,0.9458374440926167,0.7071139415673626,0.8652084178523383,0.009504705294492951,0.7442173016913755,0.031013608030195875,0.06172204271893823,0.1940852867295007,0.8031754869796071
2021-07-03,0.5140798952193844,0.8199666981600693,0.2739600002315885,0.7908465303353946,0.9974735769954733,0.8533248455525964,0.8901445774409786,0.0007836095075176847,0.7382846598316822,0.009504705294492951,0.031013608030195875,0.06172204271893823,0.698526759460675
2021-07-04,0.4807902204758787,0.8199666981600693,0.8199666981600693,0.776458150390907,0.9625601449967222,0.8533248455525964,0.8901445774409786,1.9711907041203243e-05,0.7327565527398195,0.0007836095075176847,0.009504705294492951,0.031013608030195875,0.391577582565591
2021-07-05,0.45579567779960706,0.6598461858324347,0.8199666981600693,0.7620697704464194,0.9276467129979712,0.8533248455525964,0.8901445774409786,1.4608881881651397e-06,0.7451243041472606,1.9711907041203243e-05,0.0007836095075176847,0.009504705294492951,0.15585746678180365
2021-07-06,0.43091028159790434,0.5744390583986627,0.6598461858324347,0.7476813905019317,0.89273328099922,0.8533248455525964,0.8901445774409786,0.0,0.7479843579278657,1.4608881881651397e-06,1.9711907041203243e-05,0.0007836095075176847,0.05404329370661516
2021-07-07,0.4094084261078368,0.5744390583986627,0.5744390583986627,0.733293010557444,0.8578198490004689,0.8533248455525964,0.8901445774409786,0.0029876629959741004,0.7810737680103568,0.0,1.4608881881651397e-06,1.9711907041203243e-05,0.02323213638837852
2021-07-08,0.40078585461689586,0.5381229576610845,0.5744390583986627,0.7189046306129566,0.8229064170017178,0.8497973520176458,0.8989224857496713,0.00836740263854771,0.7674332553154773,0.0029876629959741004,0.0,1.4608881881651397e-06,0.011352283391303971
2021-07-09,0.3840864440078585,0.13713255590303736,0.5381229576610845,0.7235179538583827,0.840254559001413,0.8497973520176458,0.8989224857496713,0.000634025194668679,0.8102633700398456,0.00836740263854771,0.0029876629959741004,0.0,0.006698860279242487
2021-07-10,0.3597467801790001,0.13713255590303736,0.13713255590303736,0.7281312771038086,0.8576027010011082,0.8497973520176458,0.8989224857496713,0.00014865722093765466,0.8052843137052695,0.000634025194668679,0.00836740263854771,0.0029876629959741004,0.006365774020671812
2021-07-11,0.39818618404080075,0.6845526075086666,0.13713255590303736,0.7327446003492347,0.8749508430008036,0.8497973520176458,0.8989224857496713,0.007000300034246406,0.7343235252978995,0.00014865722093765466,0.000634025194668679,0.00836740263854771,0.010027683790990569
2021-07-12,0.37775594848286387,0.08032876181996083,0.6845526075086666,0.7373579235946608,0.8922989850004988,0.8497973520176458,0.8989224857496713,0.0004310280088186069,0.7117120973816847,0.007000300034246406,0.00014865722093765466,0.000634025194668679,0.01025302813266771
2021-07-13,0.35603580004365865,0.4669085092138072,0.08032876181996083,0.741971246840087,0.909647127000194,0.8545756408745739,0.9020835342125703,1.3119978567772474e-05,0.766647057165401,0.0004310280088186069,0.007000300034246406,0.00014865722093765466,0.010259910672767226
2021-07-14,0.3367168740449684,0.43387457314106326,0.4669085092138072,0.7139070204850015,0.7277177016001551,0.8545756408745739,0.9020835342125703,4.711324516362634e-06,0.8070745763770986,1.3119978567772474e-05,0.0004310280088186069,0.007000300034246406,0.008695099847225355
2021-07-15,0.31641562977515814,0.43387457314106326,0.43387457314106326,0.6858427941299164,0.5457882762001164,0.8545756408745739,0.9020835342125703,0.0026020909184093517,0.7975971142025432,4.711324516362634e-06,1.3119978567772474e-05,0.0004310280088186069,0.005670705493599383
2021-07-16,0.3033180528268935,0.3954327559344597,0.43387457314106326,0.6577785677748312,0.36385885080007757,0.8545756408745739,0.9020835342125703,0.03938080643266763,0.8053338301786643,0.0026020909184093517,4.711324516362634e-06,1.3119978567772474e-05,0.0259966743372359
2021-07-17,0.28956559703121565,0.15432797852801416,0.3954327559344597,0.6297143414197461,0.18192942540003879,0.8545756408745739,0.9020835342125703,0.03540752394563679,0.8205896096532831,0.03938080643266763,0.0026020909184093517,4.711324516362634e-06,0.044492936571409
2021-07-18,0.30575249375966884,0.15432797852801416,0.15432797852801416,0.6016501150646609,0.0,0.614378314972635,0.8678131005803722,0.06380585466021216,0.7835074392733775,0.03540752394563679,0.03938080643266763,0.0026020909184093517,0.07429226174323848
2021-07-19,0.2837808338790656,0.43744709495411294,0.15432797852801416,0.6214272573755253,0.18818541865812635,0.614378314972635,0.8678131005803722,0.005418729288089324,0.7664807087043354,0.06380585466021216,0.03540752394563679,0.03938080643266763,0.07690873355237032
2021-07-20,0.25965946299934506,0.27159783941245114,0.43744709495411294,0.6412043996863896,0.37637083731625265,0.614378314972635,0.8678131005803722,0.0013443342339643162,0.7418687449835165,0.005418729288089324,0.06380585466021216,0.03540752394563679,0.07760706819114177
2021-07-21,0.23903077930582842,0.35146029080662927,0.27159783941245114,0.6609815419972541,0.564556255974379,0.614378314972635,0.8678131005803722,0.00013436890203305814,0.7293581887390439,0.0013443342339643162,0.005418729288089324,0.06380585466021216,0.07767508457332223
2021-07-22,0.22340100414756595,0.3138411521866361,0.35146029080662927,0.6807586843081185,0.7527416746325054,0.614378314972635,0.8678131005803722,0.0,0.757540074769722,0.00013436890203305814,0.0013443342339643162,0.005418729288089324,0.07631006747393981
2021-07-23,0.21108928181619727,0.3138411521866361,0.3138411521866361,0.7005358266189832,0.9409270932906318,0.6263085414143181,0.8801652447855799,0.00015443125064254354,0.8018689451272376,0.0,0.00013436890203305814,0.0013443342339643162,0.055732510982183715
2021-07-24,0.2017026850032744,0.23310982902317667,0.3138411521866361,0.7109096270159139,0.9203945453592548,0.6263085414143181,0.8801652447855799,0.0012889521318895775,0.8334340850716241,0.00015443125064254354,0.0,0.00013436890203305814,0.037834430018609574
2021-07-25,0.19209779524121365,0.0979111405443354,0.23310982902317667,0.7212834274128446,0.8998619974278779,0.6263085414143181,0.8801652447855799,0.0026922302483882894,0.8567136263422143,0.0012889521318895775,0.00015443125064254354,0.0,0.005775157324798888
2021-07-26,0.2078148875791311,0.0979111405443354,0.0979111405443354,0.731657227809775,0.8793294494965008,0.6263085414143181,0.8801652447855799,0.002415021311511717,0.833932244322316,0.0026922302483882894,0.0012889521318895775,0.00015443125064254354,0.004199458059038355
2021-07-27,0.4817725387469982,0.5069121374330607,0.0979111405443354,0.742031028206706,0.8587969015651239,0.6263085414143181,0.8801652447855799,0.001216260592792455,0.8253260948529987,0.002415021311511717,0.0026922302483882894,0.0012889521318895775,0.004132272585639668
2021-07-28,0.44368041912246226,0.22696777510867705,0.5069121374330607,0.7524048286036368,0.8382643536337469,0.6196151854669267,0.9107182422346394,0.0008488379959293779,0.8519582267969077,0.001216260592792455,0.002415021311511717,0.0026922302483882894,0.004507072145197297
2021-07-29,0.4154114822091245,0.34235355178779764,0.22696777510867705,0.8019238628829093,0.8339770772723841,0.6196151854669267,0.9107182422346394,6.868552630734715e-05,0.8637449655642042,0.0008488379959293779,0.001216260592792455,0.002415021311511717,0.004543103521820726
2021-07-30,0.3919449901768173,0.28010904745361753,0.34235355178779764,0.8514428971621819,0.8296898009110211,0.6196151854669267,0.9107182422346394,2.5458424068338782e-06,0.8623259313004393,6.868552630734715e-05,0.0008488379959293779,0.001216260592792455,0.004463426759597844
2021-07-31,0.3662955686531324,0.28010904745361753,0.28010904745361753,0.9009619314414546,0.8254025245496582,0.6196151854669267,0.9107182422346394,2.404333247250014e-05,0.8852530668396764,2.5458424068338782e-06,6.868552630734715e-05,0.0008488379959293779,0.003799874948956631
2021-08-01,0.38183802663173994,0.7559319070984126,0.28010904745361753,0.9504809657207274,0.8211152481882953,0.6196151854669267,0.9107182422346394,0.0029663364243283532,0.8000557041228007,2.404333247250014e-05,2.5458424068338782e-06,6.868552630734715e-05,0.0039436668566710745
2021-08-02,0.4043876882776686,0.386749807201567,0.7559319070984126,1.0,0.8168279718269325,0.7018657788808929,0.9890925695704753,0.0003003583688380851,0.7452598365864709,0.0029663364243283532,2.404333247250014e-05,2.5458424068338782e-06,0.002834347018629303
2021-08-03,0.3875791311940623,0.386749807201567,0.386749807201567,0.9152979857690229,0.8243502253225883,0.7018657788808929,0.9890925695704753,1.2738720096980682e-05,0.7308154030913654,0.0003003583688380851,0.0029663364243283532,2.404333247250014e-05,0.0022029978508937213
2021-08-04,0.37077057411045633,0.34370456749516076,0.386749807201567,0.8305959715380455,0.831872478818244,0.7018657788808929,0.9890925695704753,1.458127822046384e-06,0.73904595460267,1.2738720096980682e-05,0.0003003583688380851,0.0029663364243283532,0.0017584753319242466
2021-08-05,0.35516262824710776,0.34370456749516076,0.34370456749516076,0.7458939573070684,0.8393947323138996,0.7018657788808929,0.9890925695704753,0.0006665183348752219,0.7657636900024315,1.458127822046384e-06,1.2738720096980682e-05,0.0003003583688380851,0.0020720892800355642
2021-08-06,0.3441388343156515,0.2974810044024843,0.34370456749516076,0.6611919430760912,0.8469169858095553,0.7018657788808929,0.9890925695704753,0.00025137081717509636,0.7729939659723598,0.0006665183348752219,1.458127822046384e-06,1.2738720096980682e-05,0.0022026190562663265
2021-08-07,0.32787600960488983,0.24868653959916825,0.2974810044024843,0.5764899288451142,0.8544392393052112,0.666822263437741,0.9483344890840695,1.439458945300633e-05,0.8418792487093595,0.00025137081717509636,0.0006665183348752219,1.458127822046384e-06,0.0021975574732463117
2021-08-08,0.34981445099323294,0.24868653959916825,0.24868653959916825,0.5769191366580264,0.8545372870045517,0.666822263437741,0.9483344890840695,0.0011953985122666877,0.8566553860470654,1.439458945300633e-05,0.00025137081717509636,0.0006665183348752219,0.0012685505293281204
2021-08-09,0.37682108520068713,0.4864041074662605,0.24868653959916825,0.5773483444709387,0.8546353347038921,0.666822263437741,0.9483344890840695,0.01932275600257771,0.8861283824193454,0.0011953985122666877,1.439458945300633e-05,0.00025137081717509636,0.011247409399170719
2021-08-10,0.35494433529796987,0.10561604305420459,0.4864041074662605,0.5777775522838513,0.8547333824032327,0.666822263437741,0.9483344890840695,0.0012983874324565736,0.900965601787483,0.01932275600257771,0.0011953985122666877,1.439458945300633e-05,0.011921841050945054
2021-08-11,0.3320235756385068,0.10561604305420459,0.10561604305420459,0.5782067600967635,0.8548314301025731,0.666822263437741,0.9483344890840695,6.514843369207807e-06,0.8956749170950473,0.0012983874324565736,0.01932275600257771,0.0011953985122666877,0.01192449372658362
2021-08-12,0.30899366950447515,0.2646432544703371,0.10561604305420459,0.5786359679096761,0.8549294778019136,0.666822263437741,0.9483344890840695,2.1657257586999476e-05,0.8990163547212882,6.514843369207807e-06,0.0012983874324565736,0.01932275600257771,0.011586209467952609
2021-08-13,0.287819253438114,0.44817960158442205,0.2646432544703371,0.5790651757225883,0.855027525501254,0.666822263437741,0.9483344890840695,0.0016684492988621976,0.8750138821060284,2.1657257586999476e-05,6.514843369207807e-06,0.0012983874324565736,0.012329587166627414
2021-08-14,0.27679545950665807,0.3344480015316382,0.44817960158442205,0.5794943835355009,0.8551255732005946,0.666822263437741,0.9483344890840695,0.044369339487926374,0.7775170460192301,0.0016684492988621976,2.1657257586999476e-05,6.514843369207807e-06,0.03559751289521484
2021-08-15,0.2621698319144291,0.2984022948507529,0.3344480015316382,0.5799235913484131,0.855223620899935,0.666822263437741,0.9483344890840695,0.010560263708270613,0.7766821258593871,0.044369339487926374,0.0016684492988621976,2.1657257586999476e-05,0.04051017795065835
2021-08-16,0.24557956777996068,0.2984022948507529,0.2984022948507529,0.5803527991613256,0.8553216685992756,0.666822263437741,0.9483344890840695,0.004084154225621966,0.7833535272237094,0.010560263708270613,0.044369339487926374,0.0016684492988621976,0.032516240517857474
2021-08-17,0.2337917485265226,0.28980604652989905,0.2984022948507529,0.580782006974238,0.855419716298616,0.666822263437741,0.9483344890840695,0.03503965918723636,0.7580503343125873,0.004084154225621966,0.010560263708270613,0.044369339487926374,0.050216395640929716
2021-08-18,0.22549661645928823,0.18798730720908963,0.28980604652989905,0.5812112147871504,0.8555177639979565,0.666822263437741,0.9483344890840695,0.004452201834520817,0.7517604893834832,0.03503965918723636,0.004084154225621966,0.010560263708270613,0.052548535044088435
2021-08-19,0.21938441388343152,0.18798730720908963,0.18798730720908963,0.5816404226000627,0.855615811697297,0.666822263437741,0.9483344890840695,0.005740932684864031,0.7684838417938749,0.004452201834520817,0.03503965918723636,0.004084154225621966,0.05554877946255906
2021-08-20,0.23001433140666064,0.34478419306641994,0.18798730720908963,0.5820696304129752,0.8557138593966376,0.666822263437741,0.9483344890840695,0.006430256104358452,0.8275738005146162,0.005740932684864031,0.004452201834520817,0.03503965918723636,0.05804675048558207
2021-08-21,0.2635944806351177,0.09422429786725516,0.34478419306641994,0.5824988382258875,0.855811907095978,0.666822263437741,0.9483344890840695,0.001385524164881555,0.8490060305136683,0.006430256104358452,0.005740932684864031,0.004452201834520817,0.03549809836218944
2021-08-22,0.4036236629556864,0.6446030165974431,0.09422429786725516,0.5829280460388,0.8559099547953185,0.6749081538961093,0.9224797006623033,0.03132845140888618,0.8204036134955842,0.001385524164881555,0.006430256104358452,0.005740932684864031,0.04639277200097729
2021-08-23,0.3848504693298407,0.5175755825575623,0.6446030165974431,0.5796816337192883,0.7517987815959786,0.6749081538961093,0.9224797006623033,0.0015680057628771683,0.8751014106083682,0.03132845140888618,0.001385524164881555,0.006430256104358452,0.045072838999431396
2021-08-24,0.3555992141453831,0.5175755825575623,0.5175755825575623,0.5764352213997769,0.6476876083966386,0.6749081538961093,0.9224797006623033,1.4910377718540218e-05,0.8817280775592073,0.0015680057628771683,0.03132845140888618,0.001385524164881555,0.026699391442959707
2021-08-25,0.3308229644182493,0.39052714784343945,0.5175755825575623,0.5731888090802654,0.5435764351972987,0.6749081538961093,0.9224797006623033,2.557328211011348e-05,0.8961256071440008,1.4910377718540218e-05,0.0015680057628771683,0.03132845140888618,0.024377249805284454
2021-08-26,0.3086662300807683,0.07172699355903935,0.39052714784343945,0.569942396760754,0.43946526199795877,0.6749081538961093,0.9224797006623033,0.000291595124902265,0.889396744670009,2.557328211011348e-05,1.4910377718540218e-05,0.0015680057628771683,0.02151861066357387
2021-08-27,0.2867277886924251,0.07172699355903935,0.07172699355903935,0.5666959844412425,0.33535408879861883,0.5342059471526328,0.8891526036545073,0.0003599990852419206,0.8691823968555139,0.000291595124902265,2.557328211011348e-05,1.4910377718540218e-05,0.01833424666994165
2021-08-28,0.2654442261514952,0.2544158016045554,0.07172699355903935,0.5465514558679654,0.4287966782860274,0.5342059471526328,0.8891526036545073,0.00043848498193403777,0.8423488531039054,0.0003599990852419206,0.000291595124902265,2.557328211011348e-05,0.01783744439859798
2021-08-29,0.24568871425452962,0.07751878029910143,0.2544158016045554,0.5264069272946885,0.522239267773436,0.5342059471526328,0.8891526036545073,0.00018320808967572932,0.827570500434933,0.00043848498193403777,0.0003599990852419206,0.000291595124902265,0.0014991260891299592
2021-08-30,0.24041991625488665,0.23627773507894317,0.07751878029910143,0.5062623987214114,0.6156818572608446,0.5342059471526328,0.8891526036545073,0.011221375568020161,0.815943815532269,0.00018320808967572932,0.00043848498193403777,0.0003599990852419206,0.006563136250134272
2021-08-31,0.2755168865188511,0.25520316087539546,0.23627773507894317,0.4861178701481346,0.7091244467482531,0.5342059471526328,0.8891526036545073,0.003085548229374639,0.8383272476655574,0.011221375568020161,0.00018320808967572932,0.00043848498193403777,0.008173945904734529
2021-09-01,0.25780397293167445,0.25520316087539546,0.25520316087539546,0.4659733415748578,0.8025670362356618,0.7308354473317618,0.8633548217546856,3.607376757478358e-05,0.8764518612716785,0.003085548229374639,0.011221375568020161,0.00018320808967572932,0.008179454298814724
2021-09-02,0.2370661427635887,0.25351244058567907,0.25520316087539546,0.4655847358968209,0.801136463473518,0.7308354473317618,0.8633548217546856,1.1028473954721385e-05,0.8823023678148126,3.607376757478358e-05,0.003085548229374639,0.011221375568020161,0.008032273324717952
2021-09-03,0.21643745907007203,0.1583619133764108,0.25351244058567907,0.46519613021878414,0.7997058907113741,0.7308354473317618,0.8633548217546856,0.00043506292603364663,0.8806011920162823,1.1028473954721385e-05,3.607376757478358e-05,0.003085548229374639,0.008071650667569853
2021-09-04,0.19930146256275913,0.1583619133764108,0.1583619133764108,0.46480752454074703,0.7982753179492305,0.7308354473317618,0.8633548217546856,0.0016634586860107747,0.8603204453763105,0.00043506292603364663,1.1028473954721385e-05,3.607376757478358e-05,0.008714253137963434
2021-09-05,0.18271119842829078,0.2550086763704586,0.1583619133764108,0.4644189188627104,0.7968447451870867,0.7308354473317618,0.8633548217546856,0.014572611687993038,0.7704052520768158,0.0016634586860107747,0.00043506292603364663,1.1028473954721385e-05,0.016262714193899488
2021-09-06,0.16633922724296005,0.31132659121766343,0.2550086763704586,0.4640303131846736,0.7954141724249428,0.6951846772308281,0.8183853144709485,0.0007182339526947079,0.780196450993473,0.014572611687993038,0.0016634586860107747,0.00043506292603364663,0.010752926737695482
2021-09-07,0.1546605544640909,0.2111337232666035,0.31132659121766343,0.46211712667370364,0.7846524627443346,0.6951846772308281,0.8183853144709485,1.4603845397077845e-06,0.8249930465334926,0.0007182339526947079,0.014572611687993038,0.0016634586860107747,0.009135061422377994
2021-09-08,0.14571054354944338,0.2402845682667073,0.2111337232666035,0.46020394016273386,0.7738907530637265,0.6951846772308281,0.8183853144709485,0.0027230672100446956,0.8023601833774842,1.4603845397077845e-06,0.0007182339526947079,0.014572611687993038,0.01054461708738217
2021-09-09,0.13446845666884952,0.2402845682667073,0.2402845682667073,0.45829075365176414,0.7631290433831182,0.6951846772308281,0.8183853144709485,0.00012475686851796996,0.7704434627216667,0.0027230672100446956,1.4603845397077845e-06,0.0007182339526947079,0.010604277263806383
2021-09-10,0.1277013752455796,0.2137100411590389,0.2402845682667073,0.4563775671407944,0.75236733370251,0.6951846772308281,0.8183853144709485,7.244873989915207e-07,0.8258638245035959,0.00012475686851796996,0.0027230672100446956,1.4603845397077845e-06,0.01037642996167684
2021-09-11,0.12257149094084271,0.14725697680477606,0.2137100411590389,0.4544643806298247,0.7416056240219019,0.6715032190679415,0.7617344780878053,0.0,0.8413158976067777,7.244873989915207e-07,0.00012475686851796996,0.0027230672100446956,0.009503804975956149
2021-09-12,0.11744160663610556,0.14725697680477606,0.14725697680477606,0.4366141105262618,0.7386907407514676,0.6715032190679415,0.7617344780878053,0.0,0.8186638298203909,0.0,7.244873989915207e-07,0.00012475686851796996,0.0018592357581633102
2021-09-13,0.11340318707705752,0.18959008198750393,0.14725697680477606,0.4187638404226989,0.7357758574810331,0.6715032190679415,0.7617344780878053,2.5841053549658037e-05,0.802441035329722,0.0,0.0,7.244873989915207e-07,0.001496017032738563
2021-09-14,0.10991049989085347,0.40869555328776885,0.18959008198750393,0.40091357031913627,0.7328609742105989,0.6715032190679415,0.7617344780878053,6.250222290340008e-05,0.8057851466316313,2.5841053549658037e-05,0.0,0.0,0.001528038647569421
2021-09-15,0.10816415629775164,0.185016666379948,0.40869555328776885,0.38306330021557333,0.7299460909401645,0.6715032190679415,0.7617344780878053,0.012579665694293678,0.7894812251820831,6.250222290340008e-05,2.5841053549658037e-05,0.0,0.006698659465450459
2021-09-16,0.10358000436585882,0.21603557530817935,0.185016666379948,0.36521303011201045,0.7270312076697302,0.6495029473688319,0.6410351470173341,0.001288631940028103,0.7981868048300033,0.012579665694293678,6.250222290340008e-05,2.5841053549658037e-05,0.007309210527642946
2021-09-17,0.10085134250163721,0.21603557530817935,0.21603557530817935,0.369308653199397,0.7249015763386456,0.6495029473688319,0.6410351470173341,0.00023151943673526922,0.7987080646384774,0.001288631940028103,0.012579665694293678,6.250222290340008e-05,0.0074302820282835524
2021-09-18,0.09790438768827767,0.20996671247871074,0.21603557530817935,0.3734042762867835,0.722771945007561,0.6495029473688319,0.6410351470173341,3.526765162715214e-05,0.7986540258336656,0.00023151943673526922,0.001288631940028103,0.012579665694293678,0.007448782898943197
2021-09-19,0.09452084697664256,0.26530440217918116,0.20996671247871074,0.37749989937416983,0.7206423136764764,0.6495029473688319,0.6410351470173341,5.503808471783224e-06,0.7997453285729693,3.526765162715214e-05,0.00023151943673526922,0.001288631940028103,0.00745167011269217
2021-09-20,0.09462999345121156,0.26530440217918116,0.26530440217918116,0.38159552246155637,0.7185126823453918,0.6495029473688319,0.6410351470173341,3.6496516750636864e-07,0.8441482673855961,5.503808471783224e-06,3.526765162715214e-05,0.00023151943673526922,0.007438305746358549
2021-09-21,0.0898275485701813,0.24003336949032433,0.26530440217918116,0.3856911455489427,0.7163830510143072,0.6156790821031952,0.6047563848414637,0.0010785542912676316,0.7301181390331218,3.6496516750636864e-07,5.503808471783224e-06,3.526765162715214e-05,0.007971311121907788
2021-09-22,0.08022265880812049,0.10806197830211177,0.24003336949032433,0.3750438138532814,0.7079152870865709,0.6156790821031952,0.6047563848414637,6.62874772925807e-05,0.6308183899690412,0.0010785542912676316,3.6496516750636864e-07,5.503808471783224e-06,0.0014069842890516257
2021-09-23,0.074765335079677,0.20704290813352594,0.10806197830211177,0.36439648215762005,0.6994475231588347,0.6156790821031952,0.6047563848414637,8.782082244953312e-06,0.6399462270349403,6.62874772925807e-05,0.0010785542912676316,3.6496516750636864e-07,0.0007355946277003272
2021-09-24,0.07334643091028159,0.18330477940275464,0.20704290813352594,0.35374915046195854,0.6909797592310983,0.6156790821031952,0.6047563848414637,1.0930202372730876e-06,0.7070034795215161,8.782082244953312e-06,6.62874772925807e-05,0.0010785542912676316,0.0006147164537503361
2021-09-25,0.07203667321545512,0.18330477940275464,0.18330477940275464,0.3431018187662972,0.6825119953033622,0.6156790821031952,0.6047563848414637,7.674558901143792e-06,0.6967907565379204,1.0930202372730876e-06,8.782082244953312e-06,6.62874772925807e-05,0.0006002415393154207
2021-09-26,0.07094520846976635,0.2153613955603787,0.18330477940275464,0.3324544870706357,0.674044231375626,0.5711218492725791,0.5571309727703364,1.8200520358399894e-06,0.7643002727225584,7.674558901143792e-06,1.0930202372730876e-06,8.782082244953312e-06,0.0005983090970285476
2021-09-27,0.07050862257149076,0.10263743358977749,0.2153613955603787,0.32360699434776885,0.6745609948339932,0.5711218492725791,0.5571309727703364,3.592953580280779e-07,0.791091587676739,1.8200520358399894e-06,7.674558901143792e-06,1.0930202372730876e-06,0.000598306122733209
2021-09-28,0.07124892039900144,0.10263743358977749,0.10263743358977749,0.31475950162490185,0.6750777582923606,0.5711218492725791,0.5571309727703364,2.184541077954739e-05,0.7970495607036293,3.592953580280779e-07,1.8200520358399894e-06,7.674558901143792e-06,4.39728053496557e-05
2021-09-29,0.071342104740926,0.19652337573221446,0.10263743358977749,0.30591200890203474,0.6755945217507278,0.5711218492725791,0.5571309727703364,0.10782261502335255,0.7595447815083702,2.184541077954739e-05,3.592953580280779e-07,1.8200520358399894e-06,0.056571294209222224
2021-09-30,0.07334643091028159,0.565133186504311,0.19652337573221446,0.29706451617916796,0.676111285209095,0.5711218492725791,0.5571309727703364,0.1331411718178635,0.7034867098839607,0.10782261502335255,2.184541077954739e-05,3.592953580280779e-07,0.12641050973588486
2021-10-01,0.08480681074001309,0.5369703692729922,0.565133186504311,0.2882170234563009,0.6766280486674623,0.5711218492725791,0.5571309727703364,0.045823001135015716,0.6378878328888548,0.1331411718178635,0.10782261502335255,2.184541077954739e-05,0.1504479819319898
2021-10-02,0.1337756138302819,0.7446756287113168,0.5369703692729922,0.27936953073343385,0.6771448121258296,0.5711218492725791,0.5571309727703364,0.06329687589945922,0.6334351850981851,0.045823001135015716,0.1331411718178635,0.10782261502335255,0.1836485290093103
2021-10-03,0.17386558848931785,0.7446756287113168,0.7446756287113168,0.270522038010567,0.6776615755841969,0.5711218492725791,0.5571309727703364,0.006008288928731152,0.6244231716622775,0.06329687589945922,0.045823001135015716,0.1331411718178635,0.1867994307190051
2021-10-04,0.15193189259986903,0.5049976313024098,0.7446756287113168,0.26167454528769996,0.6781783390425642,0.5711218492725791,0.5571309727703364,0.0,0.6270575977726911,0.006008288928731152,0.06329687589945922,0.045823001135015716,0.1867992422381554
2021-10-05,0.1350141890416938,0.39487964133836645,0.5049976313024098,0.25282705256483295,0.6786951025009315,0.5711218492725791,0.5571309727703364,7.23651282709068e-07,0.6349173792203306,0.0,0.006008288928731152,0.06329687589945922,0.1867881620861598
2021-10-06,0.12191661209342922,0.39487964133836645,0.39487964133836645,0.2439795598419659,0.6792118659592987,0.655367251591791,0.4957691956351509,0.0007472130532123882,0.6224803108613959,7.23651282709068e-07,0.0,0.006008288928731152,0.1306180438253294
2021-10-07,0.11122025758567991,0.40204942093649787,0.39487964133836645,0.2806311490126412,0.6930298527296649,0.655367251591791,0.4957691956351509,0.0001286707800557933,0.653430749852204,0.0007472130532123882,7.23651282709068e-07,0.0,0.06084172007595892
2021-10-08,0.10336171141672115,0.18122301493772575,0.40204942093649787,0.31728273818331626,0.7068478395000309,0.655367251591791,0.4957691956351509,0.0,0.7494192356297386,0.0001286707800557933,0.0007472130532123882,7.23651282709068e-07,0.03680367449815414
2021-10-09,0.09790438768827767,0.36529994264865284,0.18122301493772575,0.3539343273539914,0.7206658262703971,0.655367251591791,0.4957691956351509,0.0,0.8003533071420069,0.0,0.0001286707800557933,0.0007472130532123882,0.0035991014646089307
2021-10-10,0.09353852870552273,0.30849473745307787,0.36529994264865284,0.39058591652466645,0.7344838130407632,0.655367251591791,0.4957691956351509,0.00125625624733837,0.7612500060157703,0.0,0.0,0.0001286707800557933,0.0011062577976050055
2021-10-11,0.3429382230953941,0.30849473745307787,0.30849473745307787,0.4272375056953415,0.7483017998111292,0.6420722297014017,0.4884039066470386,0.9278008055099779,0.6045503209824037,0.00125625624733837,0.0,0.0,0.48781637056955823
2021-10-12,0.3452730085513891,0.7353358901170018,0.30849473745307787,0.4227448286468818,0.7542679584988358,0.6420722297014017,0.4884039066470386,0.054803555660878446,0.5874650598334239,0.9278008055099779,0.00125625624733837,0.0,0.5165650980865079
2021-10-13,0.3837590045841519,0.7720785203588982,0.7353358901170018,0.418252151598422,0.7602341171865423,0.6420722297014017,0.4884039066470386,0.13340811820638246,0.6909112215160926,0.054803555660878446,0.9278008055099779,0.00125625624733837,0.5861569800121099
2021-10-14,0.3849596158044094,0.7720785203588982,0.7720785203588982,0.41375947454996226,0.7662002758742488,0.6420722297014017,0.4884039066470386,0.020250649918560636,0.6171394832915519,0.13340811820638246,0.054803555660878446,0.9278008055099779,0.5967126625223375
2021-10-15,0.39344931332631006,0.8329812227202644,0.7720785203588982,0.40926679750150247,0.7721664345619553,0.6420722297014017,0.4884039066470386,0.059676724537535836,0.5525501403947098,0.020250649918560636,0.13340811820638246,0.054803555660878446,0.6280181595180634
2021-10-16,0.3810303427199301,0.23244426121194778,0.8329812227202644,0.40477412045304295,0.7781325932496619,0.6378382303940293,0.47713684672967344,0.0035467418746935393,0.474773342964677,0.059676724537535836,0.020250649918560636,0.13340811820638246,0.6298787260616076
2021-10-17,0.36913337699192317,0.7213584057865242,0.23244426121194778,0.4017276159151445,0.7769819822437938,0.6378382303940293,0.47713684672967344,1.3791124685812494e-05,0.5177930747675077,0.0035467418746935393,0.059676724537535836,0.020250649918560636,0.6292269478605431
2021-10-18,0.3609473913992579,0.6194925187069422,0.7213584057865242,0.39868111137724654,0.7758313712379258,0.6378382303940293,0.47713684672967344,4.407694531873924e-06,0.5340631856784491,1.3791124685812494e-05,0.0035467418746935393,0.059676724537535836,0.14251914729772985
2021-10-19,0.3562540929927963,0.6194925187069422,0.6194925187069422,0.3956346068393481,0.7746807602320577,0.6378382303940293,0.47713684672967344,0.00011359175723666933,0.5939172350710167,4.407694531873924e-06,1.3791124685812494e-05,0.0035467418746935393,0.11382962866295729
2021-10-20,0.35254311285745477,0.5133863215760618,0.6194925187069422,0.39258810230144986,0.7735301492261896,0.6378382303940293,0.47713684672967344,7.504720108835842e-06,0.6217701520473529,0.00011359175723666933,4.407694531873924e-06,1.3791124685812494e-05,0.043849707058918795
2021-10-21,0.3449028596376338,0.31666777653431566,0.5133863215760618,0.3895415977635514,0.7723795382203216,0.6453778614705465,0.46479233300316225,0.0,0.4948486290880797,7.504720108835842e-06,0.00011359175723666933,4.407694531873924e-06,0.03322652582536683
2021-10-22,0.3402095612311722,0.31666777653431566,0.31666777653431566,0.3877186694503621,0.7722815433530185,0.6453778614705465,0.46479233300316225,5.103513011685576e-06,0.5201527234098571,0.0,7.504720108835842e-06,0.00011359175723666933,0.0019237060545134648
2021-10-23,0.33922724296005236,0.4650586237349247,0.31666777653431566,0.3858957411371725,0.7721835484857156,0.6453778614705465,0.46479233300316225,2.9173776385447525e-06,0.6686557591394073,5.103513011685576e-06,0.0,7.504720108835842e-06,6.466992266016392e-05
2021-10-24,0.3379174852652259,0.13735551167779647,0.4650586237349247,0.3840728128239829,0.7720855536184125,0.6453778614705465,0.46479233300316225,0.0008454588477460407,0.6928010977042832,2.9173776385447525e-06,5.103513011685576e-06,0.0,0.0005009500906396937
2021-10-25,0.33147784326566254,0.509811019041324,0.13735551167779647,0.3822498845107936,0.7719875587511096,0.6453778614705465,0.46479233300316225,0.00010234174132698403,0.5316495746220206,0.0008454588477460407,2.9173776385447525e-06,5.103513011685576e-06,0.0005523247937837181
2021-10-26,0.32820344902859644,0.42019155478637016,0.509811019041324,0.380426956197604,0.7718895638838066,0.6453778614705465,0.46479233300316225,0.00010421193973245973,0.5662447682851341,0.00010234174132698403,0.0008454588477460407,2.9173776385447525e-06,0.0005474042849760717
2021-10-27,0.3607290984501199,0.42019155478637016,0.42019155478637016,0.3786040278844145,0.7717915690165035,0.6453778614705465,0.46479233300316225,0.2843737626121027,0.590928585129795,0.00010421193973245973,0.00010234174132698403,0.0008454588477460407,0.14972159407356453
2021-10-28,0.3846796313696459,0.6809824928875263,0.42019155478637016,0.37678109957122513,0.7716935741492006,0.6453778614705465,0.46479233300316225,0.07634498797258892,0.4841707934850626,0.2843737626121027,0.00010421193973245973,0.00010234174132698403,0.18977100714266382
2021-10-29,0.3790657061776903,0.22643248618370437,0.6809824928875263,0.3749581712580356,0.7715955792818975,0.6453778614705465,0.46479233300316225,0.003064448478952829,0.4833787285266608,0.07634498797258892,0.2843737626121027,0.00010421193973245973,0.19137589272213157
2021-10-30,0.36913337699192317,0.22643248618370437,0.22643248618370437,0.373135242944846,0.7714975844145946,0.6453778614705465,0.46479233300316225,7.960164109798684e-06,0.43708789968491113,0.003064448478952829,0.07634498797258892,0.2843737626121027,0.19137853809078995
2021-10-31,0.3645492250600306,0.5486205140603976,0.22643248618370437,0.3713123146316564,0.7713995895472915,0.6562481468902679,0.4659520599611048,7.23651282709068e-07,0.4428310619694621,7.960164109798684e-06,0.003064448478952829,0.07634498797258892,0.19093540292611724
2021-11-01,0.35996507312813775,0.11828893312818818,0.5486205140603976,0.3761753634899456,0.6978861935997466,0.6562481468902679,0.4659520599611048,0.0007443994158389271,0.38498417909715776,7.23651282709068e-07,7.960164109798684e-06,0.003064448478952829,0.19127221656252713
2021-11-02,0.35494433529796987,0.4955984599699239,0.11828893312818818,0.38103841234823477,0.6243727976522017,0.6562481468902679,0.4659520599611048,0.002593758570070281,0.31150839385198303,0.0007443994158389271,7.23651282709068e-07,7.960164109798684e-06,0.19257819464964113
2021-11-03,0.39685658153241643,0.8210017076743916,0.4955984599699239,0.38590146120652397,0.5508594017046566,0.6562481468902679,0.4659520599611048,0.19179680720185827,0.3145549632472732,0.002593758570070281,0.0007443994158389271,7.23651282709068e-07,0.14401373971468626
2022-01-01,0.3332085945052544,0.06695293020519309,0.4955984599699239,0.16883746530469274,0.5105010101050379,0.6562481468902679,0.4659520599611048,0.04097246844740859,0.2797313001786856,1.0869970823994504e-05,1.6366334033189688e-05,0.004561622419440458,0.0558743357843841
2022-01-03,0.3324601615367825,0.4068806966014955,0.4955984599699239,0.16390847176939705,0.5141870863617415,0.6562481468902679,0.4659520599611048,0.0009516279516144081,0.12012312963973443,0.02130126761161265,0.04097246844740859,1.0869970823994504e-05,0.06754384045263384
2022-01-04,0.33342824331121934,0.4068806966014955,0.4068806966014955,0.1614439750017493,0.5160301244900934,0.6562481468902679,0.4659520599611048,1.4349261622713134e-06,0.25187404420869247,0.0009516279516144081,0.02130126761161265,0.04097246844740859,0.035562446939291587
2022-01-05,0.3340973586553154,0.5059941257461856,0.4068806966014955,0.15897947823410136,0.5178731626184452,0.6562481468902679,0.4659520599611048,0.0,0.2321061238402268,1.4349261622713134e-06,0.0009516279516144081,0.02130126761161265,0.03316948958357062
2022-01-06,0.3337699192316089,0.4171062403150734,0.5059941257461856,0.15651498146645362,0.5197162007467971,0.6562481468902679,0.4659520599611048,7.3010339298532415e-06,0.04752518086842972,0.0,1.4349261622713134e-06,0.0009516279516144081,0.03316473406578124
2022-01-08,0.3262024303281671,0.36884760397974403,0.5059941257461856,0.15158598793115816,0.5234022770035007,0.6562481468902679,0.4659520599611048,0.004012687328217463,0.2691784550936701,6.832937329870077e-06,7.3010339298532415e-06,0.0,0.013774080388037773
2022-01-09,0.3306741283165645,0.17177138342294362,0.36884760397974403,0.1491214911635102,0.5252453151318526,0.3426385137987442,0.21012845969143962,0.00937764818031709,0.28221189063016566,0.004012687328217463,6.832937329870077e-06,7.3010339298532415e-06,0.007519131994383564
2022-01-10,0.32503820126609906,0.17177138342294362,0.17177138342294362,0.14286622213331573,0.5219710837559789,0.3426385137987442,0.21012845969143962,0.0005491738357184849,0.1681450030567761,0.00937764818031709,0.004012687328217463,6.832937329870077e-06,0.007308010720323477
2022-01-11,0.32212762861092914,0.4427149854274621,0.17177138342294362,0.13661095310312127,0.5186968523801053,0.3426385137987442,0.21012845969143962,1.0952077732495699e-05,0.2746487649566372,0.0005491738357184849,0.00937764818031709,0.004012687328217463,0.0073130032724817665
2022-01-12,0.32317278879164923,0.213519603226708,0.4427149854274621,0.13035568407292658,0.5154226210042316,0.3426385137987442,0.21012845969143962,1.0955979849784063e-06,0.3381506704852876,1.0952077732495699e-05,0.0005491738357184849,0.00937764818031709,0.007313578006428595
2022-01-13,0.3218813493862609,0.3641477277903396,0.213519603226708,0.12410041504273217,0.512148389628358,0.3426385137987442,0.21012845969143962,1.5995112245546267e-05,0.3441830633646624,1.0955979849784063e-06,1.0952077732495699e-05,0.0005491738357184849,0.007318138786945651
2022-01-14,0.32236732282959024,0.43714258517760374,0.3641477277903396,0.11784514601253748,0.5088741582524843,0.3426385137987442,0.21012845969143962,5.8505237665952255e-06,0.3739890469438627,1.5995112245546267e-05,1.0955979849784063e-06,1.0952077732495699e-05,0.007317623427815403
2022-01-15,0.3235829149385142,0.43714258517760374,0.43714258517760374,0.11158987698234302,0.5055999268766108,0.3426385137987442,0.21012845969143962,0.01823416975611586,0.1591952175123011,5.8505237665952255e-06,1.5995112245546267e-05,1.0955979849784063e-06,0.014777995605938437
2022-01-16,0.31019428072473265,0.33545304565702216,0.43714258517760374,0.10533460795214833,0.5023256955007371,0.3426385137987442,0.21012845969143962,0.001487277519139539,0.12367303757744298,0.01823416975611586,5.8505237665952255e-06,1.5995112245546267e-05,0.010638827832524667
2022-01-17,0.3099323291857674,0.09068684635012324,0.33545304565702216,0.09907933892195386,0.4990514641248635,0.3426385137987442,0.21012845969143962,2.972967970950084e-05,0.22894009461603457,0.001487277519139539,0.01823416975611586,5.8505237665952255e-06,0.01036633537266859
2022-01-18,0.31019428072473265,0.09068684635012324,0.09068684635012324,0.09282406989175918,0.4957772327489898,0.3426385137987442,0.21012845969143962,1.602807284222367e-05,0.33271485867752515,2.972967970950084e-05,0.001487277519139539,0.01823416975611586,0.010368998162070814
2022-01-19,0.30912266079260176,0.323875614666597,0.09068684635012324,0.08656880086156477,0.49250300137311614,0.3426385137987442,0.21012845969143962,0.00027761173290046437,0.2519803342751547,1.602807284222367e-05,2.972967970950084e-05,0.001487277519139539,0.010514054297405819
2022-01-22,0.3121589172669723,0.27985533772705357,0.25682328403687915,0.06780299377098092,0.4826803072454952,0.3426385137987442,0.21012845969143962,1.3891584744862936e-05,0.12980771764884907,1.5887482655267945e-05,6.178363333956611e-05,0.00027761173290046437,0.0009852602228986977
2022-01-23,0.34075529360401646,0.27985533772705357,0.27985533772705357,0.061547724740786514,0.4794060758696217,0.3426385137987442,0.21012845969143962,1.0955980332390866e-06,0.23442986883787464,1.3891584744862936e-05,1.5887482655267945e-05,6.178363333956611e-05,0.0002056319167735563
2022-02-06,0.33115040384195593,0.27985533772705357,0.27985533772705357,0.1122967895596384,0.4798694908968113,0.3426385137987442,0.21012845969143962,1.9703440075887994e-05,0.1568699294218375,0.0014471698996559638,0.03658240060372722,0.1138173720311677,0.13229034892706334
2022-02-07,0.3324601615367825,0.5129152590214239,0.27985533772705357,0.11361130071511033,0.4787000781220592,0.3426385137987442,0.21012845969143962,5.438331904075757e-06,0.18946008022707694,1.9703440075887994e-05,0.0014471698996559638,0.03658240060372722,0.13228648019489073
2022-02-08,0.3340973586553154,0.5129152590214239,0.5129152590214239,0.1149258118705822,0.47753066534730715,0.2529221829085968,0.1599328546054572,6.602685335626491e-06,0.3355073830497981,5.438331904075757e-06,1.9703440075887994e-05,0.0014471698996559638,0.13119105846296586
2022-02-09,0.3353416284654006,0.5697813080676685,0.5129152590214239,0.10872776497815384,0.47452192993290193,0.2529221829085968,0.1599328546054572,2.8801823638543206e-05,0.35281474261708434,6.602685335626491e-06,5.438331904075757e-06,1.9703440075887994e-05,0.07967573546124528
2022-02-10,0.33486138397729737,0.26055472201924246,0.5697813080676685,0.10252971808572542,0.4715131945184967,0.2529221829085968,0.1599328546054572,9.43332650007226e-06,0.37039761300347696,2.8801823638543206e-05,6.602685335626491e-06,5.438331904075757e-06,0.01997383139699338
2022-02-11,0.3332460161536783,0.26055472201924246,0.26055472201924246,0.09633167119329705,0.4685044591040915,0.2529221829085968,0.1599328546054572,3.6182568056633656e-07,0.3998890653769476,9.43332650007226e-06,2.8801823638543206e-05,6.602685335626491e-06,0.0007834533402461757
2022-02-12,0.33213272211307576,0.5323577330386406,0.26055472201924246,0.09013362430086885,0.46549572368968634,0.2529221829085968,0.1599328546054572,0.00012365962083816335,0.22429558385934173,3.6182568056633656e-07,9.43332650007226e-06,2.8801823638543206e-05,8.916008976319317e-05
2022-02-13,0.3272211307574766,0.19204442165543895,0.5323577330386406,0.08393557740844027,0.4624869882752811,0.2359978004141392,0.15054312287075095,3.6035610391742796e-05,0.2260532735224452,0.00012365962083816335,3.6182568056633656e-07,9.43332650007226e-06,9.772769652644893e-05
2022-02-14,0.3263876485880417,0.4629420379938306,0.19204442165543895,0.12014304405945758,0.4688482110807144,0.2359978004141392,0.15054312287075095,1.9349321834053982e-05,0.32892687138008186,3.6035610391742796e-05,0.00012365962083816335,3.6182568056633656e-07,0.00010502518908884075
2022-02-15,0.32715876134343713,0.4603718625910944,0.4629420379938306,0.1563505107104747,0.4752094338861479,0.2359978004141392,0.15054312287075095,1.4177623913553827e-05,0.42147294625995985,1.9349321834053982e-05,3.6035610391742796e-05,0.00012365962083816335,0.00010899888601560418
2022-02-16,0.33507967692643537,0.4603718625910944,0.4603718625910944,0.19255797736149183,0.4815706566915813,0.2359978004141392,0.15054312287075095,0.0002635938066659918,0.5311591919479903,1.4177623913553827e-05,1.9349321834053982e-05,3.6035610391742796e-05,0.00023216716939990884
2022-02-17,0.34646449381223443,0.874827514842673,0.4603718625910944,0.22876544401250895,0.48793187949701466,0.2359978004141392,0.15054312287075095,0.26142154955595764,0.25884074159207304,0.0002635938066659918,1.4177623913553827e-05,1.9349321834053982e-05,0.13736496530278758
2022-02-18,0.3848504693298407,0.1664494556415646,0.874827514842673,0.2649729106635261,0.494293102302448,0.23549856047055562,0.16194001883026687,0.019279894265237366,0.12494210155338356,0.26142154955595764,0.0002635938066659918,1.4177623913553827e-05,0.14747871315913852
2022-02-19,0.3806454577832924,0.1664494556415646,0.1664494556415646,0.2580300213104079,0.48547608513956564,0.23549856047055562,0.16194001883026687,2.9214764271534998e-06,0.23123922651938014,0.019279894265237366,0.26142154955595764,0.0002635938066659918,0.1474153757751514
2022-02-20,0.3773193625845883,0.5669789216523156,0.1664494556415646,0.2510871319572898,0.4766590679766833,0.23549856047055562,0.16194001883026687,6.247403031109509e-06,0.39912987899020314,2.9214764271534998e-06,0.019279894265237366,0.26142154955595764,0.14739974933715125
2022-02-21,0.3757913119406242,0.22384514916278808,0.5669789216523156,0.24414424260417167,0.46784205081380115,0.23549856047055562,0.16194001883026687,3.694163465518621e-07,0.5002725544977222,6.247403031109509e-06,2.9214764271534998e-06,0.019279894265237366,0.14738979276901146
2022-02-22,0.37797424143200153,0.589869200039702,0.22384514916278808,0.23720135325105354,0.45902503365091873,0.23549856047055562,0.16194001883026687,3.270761202013421e-05,0.28975709503763547,3.694163465518621e-07,6.247403031109509e-06,2.9214764271534998e-06,0.14739951331737428
2022-02-27,0.36847849814450995,0.589869200039702,0.10087194508929635,0.2024869064854629,0.4149399478365073,0.23549856047055562,0.16194001883026687,8.32958045635004e-06,0.19588478535693624,3.309565708570306e-06,0.0006271172882814098,0.008959226506975886,0.010682063704760523
2022-02-28,0.4084261078367166,0.5999152419428124,0.10087194508929635,0.19554401713234476,0.406122930673625,0.21308667571299122,0.16373782063775344,8.405487653105214e-06,0.2982347552933622,8.32958045635004e-06,3.309565708570306e-06,0.0006271172882814098,0.010686279304864151
2022-03-01,0.382667539838463,0.0376535967421064,0.5999152419428124,0.1783789043113581,0.4047774762559367,0.21308667571299122,0.16373782063775344,7.388328378857644e-07,0.3958789185486106,8.405487653105214e-06,8.32958045635004e-06,3.309565708570306e-06,0.010669508972236102
2022-03-02,0.38077566761260273,0.5602542650408355,0.0376535967421064,0.1612137914903715,0.40343202183824833,0.21308667571299122,0.16373782063775344,5.850171463629326e-06,0.47776295542913955,7.388328378857644e-07,8.405487653105214e-06,8.32958045635004e-06,0.0050302110444411345
2022-03-03,0.3794046347039832,0.5947856819976224,0.5602542650408355,0.14404867866938487,0.4020865674205599,0.21308667571299122,0.16373782063775344,1.6759101300750686e-05,0.5130499741302785,5.850171463629326e-06,7.388328378857644e-07,8.405487653105214e-06,0.0003391294096463545
2022-03-04,0.37710106963545065,0.5947856819976224,0.5947856819976224,0.12688356584839822,0.40074111300287163,0.21308667571299122,0.16373782063775344,3.183306749551533e-05,0.5388798353138018,1.6759101300750686e-05,5.850171463629326e-06,7.388328378857644e-07,2.685241170732636e-05
2022-03-05,0.3794659099177763,0.5102116919842732,0.5947856819976224,0.10971845302741157,0.3993956585851833,0.18225341948986817,0.15624566882813062,0.0008382653477175995,0.6063601702382773,3.183306749551533e-05,1.6759101300750686e-05,5.850171463629326e-06,0.0004648574451237785
2022-03-06,0.3769919231608819,0.10351033118001028,0.5102116919842732,0.11020308697815262,0.4053941797066882,0.18225341948986817,0.15624566882813062,0.006865808091899036,0.3507834519032107,0.0008382653477175995,3.183306749551533e-05,1.6759101300750686e-05,0.0040621857938537165
2022-03-07,0.38127046496398165,0.10351033118001028,0.10351033118001028,0.11068772092889329,0.4113927008281933,0.18225341948986817,0.15624566882813062,0.00667896498355443,0.19281638349003793,0.006865808091899036,0.0008382653477175995,3.183306749551533e-05,0.007561459285772712
2022-03-08,0.37672997162191635,0.5522376104270754,0.10351033118001028,0.11117235487963406,0.4173912219496982,0.18225341948986817,0.15624566882813062,0.00011803361091921172,0.18111257450292834,0.00667896498355443,0.006865808091899036,0.0008382653477175995,0.007622990332446189
2022-03-09,0.3725387469984718,0.09815146545381832,0.5522376104270754,0.111656988830375,0.42338974307120314,0.18225341948986817,0.15624566882813062,1.6115522738877037e-05,0.2264872492789297,0.00011803361091921172,0.00667896498355443,0.006865808091899036,0.007628375378726756
2022-03-10,0.3716437459070072,0.5075916296043851,0.09815146545381832,0.11214162278111572,0.42938826419270826,0.18225341948986817,0.15624566882813062,0.0005895081812499031,0.2686033245399969,1.6115522738877037e-05,0.00011803361091921172,0.00667896498355443,0.00792883078643559
2022-03-11,0.36607727570399473,0.5075916296043851,0.5075916296043851,0.11262625673185672,0.43538678531421315,0.18225341948986817,0.15624566882813062,0.01606213954772122,0.12825481626386262,0.0005895081812499031,1.6115522738877037e-05,0.00011803361091921172,0.016338084398229008
2022-03-12,0.3629120279414976,0.5075916296043851,0.5075916296043851,0.11311089068259744,0.44138530643571816,0.18225341948986817,0.15624566882813062,0.0013046747560315184,0.16787922441710623,0.01606213954772122,0.0005895081812499031,1.6115522738877037e-05,0.016582755640558434
2022-03-13,0.36363239467365205,0.5075916296043851,0.5075916296043851,0.11359552463333844,0.44738382755722317,0.18225341948986817,0.15624566882813062,6.996828475965516e-06,0.36159451294528877,0.0013046747560315184,0.01606213954772122,0.0005895081812499031,0.012984728150522713
2022-03-14,0.3660013477216859,0.26730000577518565,0.5075916296043851,0.11408015858407916,0.4533823486787282,0.18225341948986817,0.15624566882813062,0.0009686288468371298,0.42915012329846375,6.996828475965516e-06,0.0013046747560315184,0.01606213954772122,0.009989173147162085
2022-03-15,0.3645492250600306,0.26730000577518565,0.26730000577518565,0.11456479253481988,0.4593808698002332,0.1781494186615411,0.16751579840708264,0.016824784344878035,0.4275620516198163,0.0009686288468371298,6.996828475965516e-06,0.0013046747560315184,0.018753279068915957
2022-03-16,0.36410115005916877,0.494033287189263,0.26730000577518565,0.11162833865208888,0.46174321487792236,0.1781494186615411,0.16751579840708264,0.000922711160225513,0.4722988790500185,0.016824784344878035,0.0009686288468371298,6.996828475965516e-06,0.019228865274855005
2022-03-17,0.3650949574328749,0.494033287189263,0.494033287189263,0.1086918847693576,0.4641055599556117,0.1781494186615411,0.16751579840708264,0.0007430081548782613,0.5579282160861625,0.000922711160225513,0.016824784344878035,0.0009686288468371298,0.019309389013389678
2022-03-18,0.4123553809211963,0.8913840147806565,0.494033287189263,0.10575543088662653,0.4664679050333009,0.1781494186615411,0.16751579840708264,0.5556539841935049,0.36465938556030364,0.0007430081548782613,0.000922711160225513,0.016824784344878035,0.3023710181892994
2022-03-19,0.4042473570960802,0.7546392450431926,0.8913840147806565,0.10281897700389525,0.46883025011099005,0.1781494186615411,0.16751579840708264,0.027008447876960377,0.4025942445846423,0.5556539841935049,0.0007430081548782613,0.000922711160225513,0.3158548244546707
2022-03-20,0.3952193844138834,0.7546392450431926,0.7546392450431926,0.09988252312116397,0.4711925951886794,0.1737315172261077,0.16715487619455843,3.102856857023117e-05,0.49134435697450923,0.027008447876960377,0.5556539841935049,0.0007430081548782613,0.31586743113798244
2022-03-21,0.415084042785418,0.5854328698610424,0.7546392450431926,0.10387033376703514,0.4718608162007503,0.1737315172261077,0.16715487619455843,0.09343328996540048,0.4932154563204289,3.102856857023117e-05,0.027008447876960377,0.5556539841935049,0.3643729782049519
2022-03-22,0.46550971403623653,0.6772985761937146,0.5854328698610424,0.10785814441290625,0.4725290372128213,0.1737315172261077,0.16715487619455843,0.1636071564750755,0.3582084631307392,0.09343328996540048,3.102856857023117e-05,0.027008447876960377,0.44137276573278766
2022-03-23,0.4274175944117006,0.6772985761937146,0.6772985761937146,0.11184595505877742,0.4731972582248924,0.1737315172261077,0.16715487619455843,0.031458006509843484,0.31711868209484473,0.1636071564750755,0.09343328996540048,3.102856857023117e-05,0.4573911146659603
2022-03-24,0.41399257803972933,0.8116509291999415,0.6772985761937146,0.1158337657046486,0.4738654792369633,0.1737315172261077,0.16715487619455843,0.00107623286192204,0.32130243450392293,0.031458006509843484,0.1636071564750755,0.09343328996540048,0.4575659192509321
2022-03-25,0.4062431783453393,0.8116509291999415,0.8116509291999415,0.11982157635051971,0.47453370024903435,0.17299725862499227,0.1680857640763802,2.313481950532421e-05,0.36214380815292413,0.00107623286192204,0.031458006509843484,0.1636071564750755,0.16609047349536446
2022-03-26,0.40150310287834834,0.6381000291581497,0.8116509291999415,0.12415633300981543,0.47969427362518485,0.17299725862499227,0.1680857640763802,1.4530545628346096e-06,0.4068846995701418,2.313481950532421e-05,0.00107623286192204,0.031458006509843484,0.15192301705689373
2022-03-27,0.3972931674306921,0.6421014461641181,0.6381000291581497,0.128491089669111,0.48485484700133535,0.17299725862499227,0.1680857640763802,0.0002690733283366089,0.4329515248086928,1.4530545628346096e-06,2.313481950532421e-05,0.00107623286192204,0.15204789169720728
2022-03-28,0.3935821872953503,0.6421014461641181,0.6421014461641181,0.13282584632840655,0.49001542037748574,0.17299725862499227,0.1680857640763802,1.859986431092614e-05,0.4839994185137391,0.0002690733283366089,1.4530545628346096e-06,2.313481950532421e-05,0.1030439739557612
2022-03-29,0.39456450556647016,0.4927039362090826,0.6421014461641181,0.13716060298770227,0.4951759937536363,0.17299725862499227,0.1680857640763802,1.2388101695536965e-05,0.6445160276543627,1.859986431092614e-05,0.0002690733283366089,1.4530545628346096e-06,0.017224660487776645
2022-03-30,0.3904881220162677,0.3482230742252022,0.4927039362090826,0.14149535964699783,0.5003365671297868,0.17299725862499227,0.1680857640763802,0.040950518216908274,0.49407468401164106,1.2388101695536965e-05,1.859986431092614e-05,0.0002690733283366089,0.02220428695069515
2022-03-31,0.38037546387251675,0.3482230742252022,0.3482230742252022,0.1458301163062934,0.5054971405059373,0.17299725862499227,0.1680857640763802,0.002459858001666518,0.31646949836420746,0.040950518216908274,1.2388101695536965e-05,1.859986431092614e-05,0.022930115537822735
2022-04-01,0.3763370443134687,0.49916052294916147,0.3482230742252022,0.1501648729655891,0.5106577138820879,0.17299725862499227,0.1680857640763802,0.00021497320314152647,0.36583644453692865,0.002459858001666518,0.040950518216908274,1.2388101695536965e-05,0.023030751019899345
2022-04-02,0.37590045841519315,0.1601969821740591,0.49916052294916147,0.15449962962488464,0.5158182872582383,0.17299725862499227,0.1680857640763802,0.07686660921381064,0.46675217845364225,0.00021497320314152647,0.002459858001666518,0.040950518216908274,0.06335303636426033
2022-04-03,0.3739358218729535,0.5269830545518038,0.1601969821740591,0.15883438628418017,0.5209788606343888,0.17299725862499227,0.1680857640763802,0.004119820945584905,0.5352919459034438,0.07686660921381064,0.00021497320314152647,0.002459858001666518,0.06537307967088053
2022-04-04,0.3745432457314236,0.5574018671384044,0.5269830545518038,0.16316914294347595,0.5261394340105393,0.17299725862499227,0.1680857640763802,0.22621677597818174,0.5129918255040098,0.004119820945584905,0.07686660921381064,0.00021497320314152647,0.1840331833821272
2022-04-05,0.3744293537579604,0.5574018671384044,0.5574018671384044,0.16750389960277146,0.5313000073866898,0.17299725862499227,0.1680857640763802,0.016626344252536476,0.5255813086542384,0.22621677597818174,0.004119820945584905,0.07686660921381064,0.19274861068477914
2022-04-06,0.3736321099437183,0.5905972925856062,0.5574018671384044,0.171838656262067,0.5364605807628403,0.17299725862499227,0.1680857640763802,0.0006452941718617437,0.5202199166989618,0.016626344252536476,0.22621677597818174,0.004119820945584905,0.1716051065794117
2022-04-07,0.3684784981445097,0.18698095572947881,0.5905972925856062,0.1761734129213628,0.5416211541389907,0.17299725862499227,0.1680857640763802,0.0014130043230253697,0.42822332036447947,0.0006452941718617437,0.016626344252536476,0.22621677597818174,0.1710559431501914
2022-04-08,0.36498581095830596,0.712132718284733,0.18698095572947881,0.1805081695806583,0.5467817275151413,0.17299725862499227,0.1680857640763802,0.00022857768329984551,0.4030044169885968,0.0014130043230253697,0.0006452941718617437,0.016626344252536476,0.17106307985241537
2022-04-09,0.36258458851779085,0.4670459681724821,0.712132718284733,0.18484292623995383,0.5519423008912918,0.19491387445132324,0.1872724362700573,0.0,0.42611566947349233,0.00022857768329984551,0.0014130043230253697,0.0006452941718617437,0.13074003225785374
2022-04-10,0.36532317278879156,0.044363332914080775,0.4670459681724821,0.1913510748165134,0.5559019872873534,0.19491387445132324,0.1872724362700573,0.0,0.6557168342182828,0.0,0.00022857768329984551,0.0014130043230253697,0.12857883719839946
2022-04-11,0.36486242798705437,0.4102674911077604,0.044363332914080775,0.19785922339307277,0.559861673683415,0.19491387445132324,0.1872724362700573,0.19563897064739413,0.5481756556024624,0.0,0.0,0.00022857768329984551,0.1125381881792535
2022-04-12,0.36568037943283505,0.353754884239075,0.4102674911077604,0.20436737196963234,0.5638213600794766,0.19491387445132324,0.1872724362700573,0.014019378325656813,0.6277756248322746,0.19563897064739413,0.0,0.0,0.11117061372498604
2022-04-13,0.3667985915359282,0.353754884239075,0.353754884239075,0.2108755205461917,0.5677810464755382,0.19491387445132324,0.1872724362700573,0.0028706984866717243,0.5490592824939252,0.014019378325656813,0.19563897064739413,0.0,0.11233802679317041
2022-04-14,0.35705450047296816,0.3544952202610689,0.353754884239075,0.21738366912275106,0.5717407328715999,0.21388859955378625,0.17822374766648325,0.00019847277422979282,0.4095820410885903,0.0028706984866717243,0.014019378325656813,0.19563897064739413,0.11170090211773487
2022-04-15,0.3559266535690897,0.08587978786579799,0.3544952202610689,0.23290496455647544,0.5834134813738616,0.21388859955378625,0.17822374766648325,5.331979295314598e-05,0.5776195471053145,0.00019847277422979282,0.0028706984866717243,0.014019378325656813,0.11160896450885563
2022-04-16,0.3537437240777124,0.547653818992325,0.08587978786579799,0.24842625999019988,0.5950862298761234,0.21388859955378625,0.17822374766648325,0.02545555273809284,0.4576407042828388,5.331979295314598e-05,0.00019847277422979282,0.0028706984866717243,0.12496255815767718
2022-04-17,0.34828640034926883,0.31211743676644066,0.547653818992325,0.26394755542392434,0.606758978378385,0.21388859955378625,0.17822374766648325,0.007542099838936179,0.4308724134957073,0.02545555273809284,5.331979295314598e-05,0.00019847277422979282,0.12891902838420197
2022-04-18,0.34402968784108257,0.02533328765202493,0.31211743676644066,0.2794688508576487,0.6184317268806467,0.21388859955378625,0.17822374766648325,0.00043883888955118194,0.40077521316261266,0.007542099838936179,0.02545555273809284,5.331979295314598e-05,0.026520024657600713
2022-04-19,0.33888421118283585,0.29668360133091987,0.02533328765202493,0.29499014629137316,0.6301044753829086,0.21388859955378625,0.17822374766648325,0.004091231333084915,0.43921402185523606,0.00043883888955118194,0.007542099838936179,0.02545555273809284,0.021311870586517366
2022-04-20,0.3386672740905252,0.2610177744352858,0.29668360133091987,0.3105114417250973,0.6417772238851702,0.21388859955378625,0.17822374766648325,0.02984693242106487,0.6149006847894514,0.004091231333084915,0.00043883888955118194,0.007542099838936179,0.035463190333598446
2022-04-21,0.33887108077988026,0.2610177744352858,0.2610177744352858,0.32603273715882175,0.6534499723874321,0.21388859955378625,0.17822374766648325,0.0047884778079090445,0.6582638387733852,0.02984693242106487,0.004091231333084915,0.00043883888955118194,0.037871036774664975
2022-04-22,0.3372626064178127,0.2722298933018414,0.2610177744352858,0.34155403259254613,0.6651227208896938,0.21388859955378625,0.17822374766648325,0.002878476455798243,0.7044126114072913,0.0047884778079090445,0.02984693242106487,0.004091231333084915,0.03935307075200774
2022-04-23,0.33486138397729737,0.4412110715305584,0.2722298933018414,0.35707532802627057,0.6767954693919556,0.21388859955378625,0.17822374766648325,0.0020392229785767117,0.6787819161439067,0.002878476455798243,0.0047884778079090445,0.02984693242106487,0.02706922228984258
2022-04-24,0.47467801790002173,0.7408815622360068,0.4412110715305584,0.372596623459995,0.6884682178942173,0.21388859955378625,0.17822374766648325,0.0982425012986082,0.5574124105760535,0.0020392229785767117,0.002878476455798243,0.0047884778079090445,0.07464926572236973
2022-04-25,0.4423706614276358,0.4959991329128731,0.7408815622360068,0.38811791889371916,0.7001409663964789,0.21388859955378625,0.17822374766648325,0.008682458322019996,0.48479958088988023,0.0982425012986082,0.0020392229785767117,0.002878476455798243,0.07897374239861121
2022-04-26,0.42239685658153237,0.0032489101386752595,0.4959991329128731,0.4036392143274434,0.7118137148987408,0.21388859955378625,0.17822374766648325,0.00014001337349605028,0.4710063783970682,0.008682458322019996,0.0982425012986082,0.0020392229785767117,0.07690099388699399
2022-04-27,0.4109364767518009,0.39534626303896486,0.0032489101386752595,0.41916050976116775,0.7234864634010026,0.21388859955378625,0.17822374766648325,9.24644549524539e-06,0.5414737743355095,0.00014001337349605028,0.008682458322019996,0.0982425012986082,0.061248600162199525
2022-04-28,0.40667976424361485,0.699085572123838,0.39534626303896486,0.4346818051948922,0.7351592119032643,0.21388859955378625,0.17822374766648325,0.02975273502634015,0.6367158920913676,9.24644549524539e-06,0.00014001337349605028,0.008682458322019996,0.07434446769528714
2022-04-29,0.40929927963326784,0.699085572123838,0.699085572123838,0.45020310062861635,0.746831960405526,0.21388859955378625,0.17822374766648325,0.004000170183462787,0.6897794164099371,0.02975273502634015,9.24644549524539e-06,0.00014001337349605028,0.07493289106962031
2022-04-30,0.412464527395765,0.6404865524195404,0.699085572123838,0.4657243960623408,0.7585047089077878,0.21388859955378625,0.17822374766648325,0.06922416550909317,0.6345198112873882,0.004000170183462787,0.02975273502634015,9.24644549524539e-06,0.11017708439367234
2022-05-01,0.40657061776904624,0.2478895100573827,0.6404865524195404,0.4812456914960652,0.7701774574100496,0.21388859955378625,0.17822374766648325,0.003893160870019042,0.5879603467925403,0.06922416550909317,0.004000170183462787,0.02975273502634015,0.06068286338497522
2022-05-02,0.449792621698319,0.2478895100573827,0.2478895100573827,0.4967669869297896,0.7818502059123112,0.21388859955378625,0.17822374766648325,0.3415016830495845,0.5961454763737599,0.003893160870019042,0.06922416550909317,0.004000170183462787,0.2352747385351472
2022-05-03,0.5207378301680854,0.7679628862471712,0.2478895100573827,0.512288282363514,0.793522954414573,0.21388859955378625,0.17822374766648325,0.31018619189505137,0.48117187662927113,0.3415016830495845,0.003893160870019042,0.06922416550909317,0.39792022193693594
2022-05-04,0.48471949356035804,0.0,0.7679628862471712,0.5278095777972385,0.8051957029168348,0.21388859955378625,0.17822374766648325,0.12026185831200831,0.49055661573161735,0.31018619189505137,0.3415016830495845,0.003893160870019042,0.46100290297696994
2022-05-05,0.7024667103252565,0.0,0.0,0.5433308732309626,0.8168684514190966,0.21388859955378625,0.17822374766648325,1.0,0.5349358734168871,0.12026185831200831,0.31018619189505137,0.3415016830495845,0.9699797792068223
2022-05-06,0.7884741322855272,0.8983194666974236,0.0,0.558852168664687,0.8285411999213582,0.21388859955378625,0.17822374766648325,0.0612268114686996,0.5045832530275767,1.0,0.12026185831200831,0.31018619189505137,1.0
2022-05-07,0.6259550316524775,0.8983194666974236,0.8983194666974236,0.5743734640984115,0.84021394842362,0.21388859955378625,0.17822374766648325,1.3410322583094227e-06,0.6019316008067779,0.0612268114686996,1.0,0.12026185831200831,0.9636867649743043
2022-05-08,0.5550098231827112,0.6447085180083584,0.8983194666974236,0.5898947595321359,0.8518866969258818,0.21388859955378625,0.17822374766648325,0.0004995699395262613,0.7612342389683953,1.3410322583094227e-06,0.0612268114686996,1.0,0.9619065390737954
2022-05-09,0.5113512333551627,0.2969236979722044,0.6447085180083584,0.6054160549658603,0.8635594454281434,0.32596087414126707,0.2561574216984592,8.596522685716182e-05,0.8269411171823919,0.0004995699395262613,1.3410322583094227e-06,0.0612268114686996,0.7828050751207873
2022-05-10,0.48330058939096265,0.2969236979722044,0.2969236979722044,0.6122617384496932,0.8673773098070396,0.32596087414126707,0.2561574216984592,9.650371606304302e-06,0.8350746371841219,8.596522685716182e-05,0.0004995699395262613,1.3410322583094227e-06,0.6200912052819808
2022-05-11,0.4597249508840864,0.4905341847294429,0.2969236979722044,0.6191074219335261,0.8711951741859357,0.32596087414126707,0.2561574216984592,0.011147271185834499,0.8025912042334522,9.650371606304302e-06,8.596522685716182e-05,0.0004995699395262613,0.5628513616756217
2022-05-12,0.43625845885177916,0.06586312594745565,0.4905341847294429,0.6259531054173589,0.8750130385648318,0.32596087414126707,0.2561574216984592,0.0004913390379086988,0.793488010818151,0.011147271185834499,9.650371606304302e-06,8.596522685716182e-05,0.038524404634440526
2022-05-13,0.4085352543112857,0.41970849777549535,0.06586312594745565,0.6327987889011918,0.8788309029437279,0.32596087414126707,0.2561574216984592,0.005612603332614676,0.7767981633834317,0.0004913390379086988,0.011147271185834499,9.650371606304302e-06,0.009350041610732546
2022-05-14,0.38779742414319995,0.394477723296154,0.41970849777549535,0.6396444723850246,0.882648767322624,0.44435823279275266,0.3569183369147682,0.03457797277637272,0.7130925390469337,0.005612603332614676,0.0004913390379086988,0.011147271185834499,0.0274884138082023
2022-05-15,0.3748089936695044,0.394477723296154,0.394477723296154,0.6501385065331144,0.8886302014284974,0.44435823279275266,0.3569183369147682,0.012813095131256986,0.7452838691112011,0.03457797277637272,0.005612603332614676,0.0004913390379086988,0.0339479008005566
2022-05-16,0.36673215455140795,0.487965046909426,0.394477723296154,0.6606325406812042,0.8946116355343707,0.44435823279275266,0.3569183369147682,0.004067365070610081,0.6842916436253117,0.012813095131256986,0.03457797277637272,0.005612603332614676,0.03603648226700413
2022-05-17,0.4031870770574111,0.13135417473171068,0.487965046909426,0.6711265748292938,0.9005930696402441,0.44435823279275266,0.3569183369147682,0.005593144449625998,0.736533295321305,0.004067365070610081,0.012813095131256986,0.03457797277637272,0.038965497866296224
2022-05-18,0.4154114822091245,0.13135417473171068,0.13135417473171068,0.6816206089773835,0.9065745037461175,0.44435823279275266,0.3569183369147682,0.0005152726675151231,0.8014757009098064,0.005593144449625998,0.004067365070610081,0.012813095131256986,0.033388114049520905
2022-05-19,0.3875791311940623,0.5269546662885992,0.13135417473171068,0.6921146431254735,0.9125559378519909,0.5553864498780285,0.4667345176697749,0.022951105440623044,0.8026570377675026,0.0005152726675151231,0.005593144449625998,0.004067365070610081,0.04517016400440129
2022-05-20,0.3701156952630431,0.5269546662885992,0.5269546662885992,0.6963223183415415,0.9153898622740388,0.5553864498780285,0.4667345176697749,0.001366537173712741,0.8229562556868136,0.022951105440623044,0.0005152726675151231,0.005593144449625998,0.04294274263683695
2022-05-21,0.4794804627810523,0.793129081578053,0.5269546662885992,0.7005299935576093,0.9182237866960868,0.5553864498780285,0.4667345176697749,0.20100653198579746,0.5609332594787728,0.001366537173712741,0.022951105440623044,0.0005152726675151231,0.13024861943737362
2022-05-22,0.5048024448810302,0.6380110460641282,0.793129081578053,0.704737668773677,0.9210577111181347,0.5553864498780285,0.4667345176697749,0.01396644106859243,0.5127953485376866,0.20100653198579746,0.001366537173712741,0.022951105440623044,0.13085364707681077
2022-05-23,0.4799170486793276,0.6380110460641282,0.6380110460641282,0.7089453439897448,0.9238916355401827,0.5553864498780285,0.4667345176697749,0.008589805012502522,0.47976181063760914,0.01396644106859243,0.20100653198579746,0.001366537173712741,0.13322604990406745
2022-05-24,0.6450556647020301,0.6380110460641282,0.6380110460641282,0.7131530192058126,0.9267255599622307,0.5553864498780285,0.4667345176697749,0.4095041419198179,0.5314772676837491,0.008589805012502522,0.01396644106859243,0.20100653198579746,0.3451115817564485
2022-05-25,0.9758422469620899,0.5534744920352973,0.6380110460641282,0.7173606944218804,0.9295594843842788,0.5553864498780285,0.4667345176697749,0.1548204018445522,0.4922062736195382,0.4095041419198179,0.008589805012502522,0.01396644106859243,0.42605769257790427
2022-05-26,0.9999999999999999,0.5534744920352973,0.5534744920352973,0.7215683696379485,0.9323934088063267,0.5553864498780285,0.4667345176697749,0.0830579797538401,0.4928452821044857,0.1548204018445522,0.4095041419198179,0.008589805012502522,0.457588839567236
2022-05-27,0.8812486356690677,0.8197029031294721,0.5534744920352973,0.7257760448540165,0.9352273332283747,0.5553864498780285,0.4667345176697749,0.003986782633468843,0.6015487304509438,0.0830579797538401,0.1548204018445522,0.4095041419198179,0.458963380261353
2022-05-28,0.7120716000873173,0.8197029031294721,0.8197029031294721,0.7299837200700843,0.9380612576504227,0.5553864498780285,0.4667345176697749,1.8470817327593103e-06,0.7171739278732451,0.003986782633468843,0.0830579797538401,0.1548204018445522,0.35351939672916133
2022-05-29,0.6180964854835188,0.6088586239382909,0.8197029031294721,0.7341913952861521,0.9408951820724707,0.5553864498780285,0.4667345176697749,0.00019531430508236037,0.8062534523837088,1.8470817327593103e-06,0.003986782633468843,0.0830579797538401,0.3462952742448306
2022-05-30,0.5567561667758132,0.5410053209524538,0.6088586239382909,0.7383990705022199,0.9437291064945186,0.5553864498780285,0.4667345176697749,0.00023437376895596364,0.782242607344068,0.00019531430508236037,1.8470817327593103e-06,0.003986782633468843,0.3419121428025491
2022-05-31,0.5196463654223968,0.5410053209524538,0.5410053209524538,0.7426067457182877,0.9465630309165666,0.5553864498780285,0.4667345176697749,0.0015052648301354774,0.7866161907256617,0.00023437376895596364,0.00019531430508236037,1.8470817327593103e-06,0.12788217182187175
2022-06-01,0.5199738048461033,0.5457909844811036,0.5410053209524538,0.7468144209343557,0.9493969553386147,0.5553864498780285,0.4667345176697749,0.4879358301709706,0.6574971508166207,0.0015052648301354774,0.00023437376895596364,0.00019531430508236037,0.30262943084986044
2022-06-02,0.5580659244706397,0.4393563716678578,0.5457909844811036,0.7510220961504235,0.9522308797606627,0.5553864498780285,0.4667345176697749,0.0657911181837977,0.6024787570738783,0.4879358301709706,0.0015052648301354774,0.00023437376895596364,0.29357149934984017
2022-06-03,0.5208469766426546,0.4393563716678578,0.4393563716678578,0.7552297713664913,0.9550648041827106,0.5553864498780285,0.4667345176697749,0.0029036321435190887,0.6453556840396774,0.0657911181837977,0.4879358301709706,0.0015052648301354774,0.2930032951685314
2022-06-04,0.4947609692206941,0.5970436695117255,0.4393563716678578,0.7594374465825592,0.9578987286047586,0.5553864498780285,0.4667345176697749,0.0015073915638203728,0.6677994801305038,0.0029036321435190887,0.0657911181837977,0.4879358301709706,0.29379308077801597
2022-06-05,0.5574110456232264,0.32900949095589993,0.5970436695117255,0.763645121798627,0.9607326530268065,0.5553864498780285,0.4667345176697749,0.0009597949572347128,0.7212237367703672,0.0015073915638203728,0.0029036321435190887,0.0657911181837977,0.29419411563615727
2022-06-06,0.7623226369788255,0.9284732806574724,0.32900949095589993,0.7678527970146951,0.9635665774488545,0.5553864498780285,0.4667345176697749,0.4520904841785632,0.7550552217153191,0.0009597949572347128,0.0015073915638203728,0.0029036321435190887,0.5312309204633232
2022-06-07,0.7805064396419994,0.7881117465798008,0.9284732806574724,0.7720604722307629,0.9664005018709027,0.5553864498780285,0.4667345176697749,0.027601763562801,0.7598553709522561,0.4520904841785632,0.0009597949572347128,0.0015073915638203728,0.5449207445782607
2022-06-08,0.6619733682602054,0.7881117465798008,0.7881117465798008,0.7762681474468307,0.9692344262929504,0.5553864498780285,0.4667345176697749,0.14806574374860068,0.7023740330174505,0.027601763562801,0.4520904841785632,0.0009597949572347128,0.36663009521897183
2022-06-09,0.6075092774503383,0.6992949148133176,0.7881117465798008,0.7804758226628985,0.9720683507149985,0.5553864498780285,0.4667345176697749,0.013467166958073675,0.6856271064267304,0.14806574374860068,0.027601763562801,0.4520904841785632,0.33918175064920375
2022-06-10,0.718256566979553,0.3536916331964964,0.6992949148133176,0.7846834978789663,0.9749022751370465,0.5553864498780285,0.4667345176697749,0.6856737678425466,0.7491448248371946,0.013467166958073675,0.14806574374860068,0.027601763562801,0.697352521540846
2022-06-11,0.7871643745907008,0.3536916331964964,0.3536916331964964,0.7888911730950341,0.9777361995590944,0.5553864498780285,0.4667345176697749,0.04540240157359937,0.8228307151555329,0.6856737678425466,0.013467166958073675,0.14806574374860068,0.7203791724610752
2022-06-12,0.647784326566252,0.530393505944073,0.3536916331964964,0.7930988483111019,0.9805701239811424,0.5553864498780285,0.4667345176697749,4.0501576482456975e-06,0.8892117415918439,0.04540240157359937,0.6856737678425466,0.013467166958073675,0.7198778033563864
2022-06-13,0.5694171578258023,0.14603848116234353,0.530393505944073,0.79730652352717,0.9834040484031904,0.6808786237205899,0.5993437461426757,2.1785447976428363e-06,0.9052376771625248,4.0501576482456975e-06,0.04540240157359937,0.6856737678425466,0.482719192465824
2022-06-14,0.5159353852870553,0.4593682710815177,0.14603848116234353,0.786450174155316,0.9587233057117399,0.6808786237205899,0.5993437461426757,2.152483169850571e-05,0.860983333604521,2.1785447976428363e-06,4.0501576482456975e-06,0.04540240157359937,0.4682510210400471
2022-06-15,0.46430910281597904,0.4125959097368611,0.4593682710815177,0.775593824783462,0.9340425630202897,0.6808786237205899,0.5993437461426757,2.198786651023492e-06,0.8561734063537076,2.152483169850571e-05,2.1785447976428363e-06,4.0501576482456975e-06,0.3905791498389494
2022-06-16,0.4076620825147348,0.4125959097368611,0.4125959097368611,0.7647374754116079,0.9093618203288393,0.6808786237205899,0.5993437461426757,3.694163948125421e-07,0.8648890543002903,2.198786651023492e-06,2.152483169850571e-05,2.1785447976428363e-06,0.3835146738099759
2022-06-17,0.3427199301462561,0.3432984161154528,0.4125959097368611,0.7538811260397541,0.8846810776373889,0.6808786237205899,0.5993437461426757,5.181950838642173e-06,0.8615380678323744,3.694163948125421e-07,2.198786651023492e-06,2.152483169850571e-05,0.02382342027619135
2022-06-18,0.2857454704213054,0.3432984161154528,0.3432984161154528,0.7430247766679001,0.8600003349459385,0.7753182260143567,0.7178405221753621,1.3575691809037943e-05,0.8448620929548426,5.181950838642173e-06,3.694163948125421e-07,2.198786651023492e-06,1.3136395946160366e-05
2022-06-19,0.246125300152805,0.3432984161154528,0.3432984161154528,0.7333102158777813,0.8688072820331056,0.7753182260143567,0.7178405221753621,0.004221459337352951,0.8241618084069988,1.3575691809037943e-05,5.181950838642173e-06,3.694163948125421e-07,0.00222552475050388
2022-06-20,0.21883868151058702,0.29354644922695855,0.3432984161154528,0.7235956550876624,0.8776142291202729,0.7753182260143567,0.7178405221753621,0.0009086024901581875,0.83111133315351,0.004221459337352951,1.3575691809037943e-05,5.181950838642173e-06,0.002701020889379441
2022-06-21,0.19657280069853753,0.10778921855681832,0.29354644922695855,0.7138810942975437,0.8864211762074403,0.7753182260143567,0.7178405221753621,0.00019252668780144074,0.8627428719233733,0.0009086024901581875,0.004221459337352951,1.3575691809037943e-05,0.002790725847786246
2022-06-22,0.17921851124208701,0.227830608146531,0.10778921855681832,0.704166533507425,0.8952281232946074,0.7753182260143567,0.7178405221753621,6.901255624871218e-05,0.8508133283190465,0.00019252668780144074,0.0009086024901581875,0.004221459337352951,0.0028257753294664606
2022-06-23,0.166448373717529,0.22689109774570854,0.227830608146531,0.6944519727173062,0.9040350703817747,0.8615812073676925,0.8147383381909156,3.560567154488132e-05,0.8510095913913153,6.901255624871218e-05,0.00019252668780144074,0.0009086024901581875,0.0028442597300144053
2022-06-24,0.15484562892096845,0.22689109774570854,0.22689109774570854,0.6990282945389049,0.904755386274226,0.8615812073676925,0.8147383381909156,2.398541058037574e-05,0.890111334146589,3.560567154488132e-05,6.901255624871218e-05,0.00019252668780144074,0.00285412373741454
2022-06-25,0.14592883649858104,0.21394499139003503,0.22689109774570854,0.7036046163605034,0.9054757021666772,0.8615812073676925,0.8147383381909156,1.3626435597633435e-05,0.916872352535902,2.398541058037574e-05,3.560567154488132e-05,6.901255624871218e-05,0.0028541503568299616
2022-06-26,0.13948919449901767,0.279098815414636,0.21394499139003503,0.708180938182102,0.9061960180591285,0.8615812073676925,0.8147383381909156,0.002350680104697949,0.7957141895710922,1.3626435597633435e-05,2.398541058037574e-05,3.560567154488132e-05,0.001872768183103068
2022-06-27,0.13206723422833452,0.279098815414636,0.279098815414636,0.7127572600037009,0.9069163339515797,0.8615812073676925,0.8147383381909156,0.00015449197651034463,0.7033880894471329,0.002350680104697949,1.3626435597633435e-05,2.398541058037574e-05,0.0014771733410202216
2022-06-28,0.1282471076184238,0.2039809185217626,0.279098815414636,0.7173335818252995,0.907636649844031,0.9438759482235899,0.9097995522586619,0.0011653570316172773,0.7350899688043167,0.00015449197651034463,0.002350680104697949,1.3626435597633435e-05,0.0019875052609050355
2022-06-29,0.12399039511023782,0.2039809185217626,0.2039809185217626,0.701339495324496,0.8799266867186539,0.9438759482235899,0.9097995522586619,9.758552167653318e-05,0.7683607916005037,0.0011653570316172773,0.00015449197651034463,0.002350680104697949,0.002002494201573135
2022-06-30,0.11995197555118978,0.2090335728357856,0.2039809185217626,0.6853454088236927,0.8522167235932766,0.9438759482235899,0.9097995522586619,7.261815419051841e-07,0.7961353011280701,9.758552167653318e-05,0.0011653570316172773,0.00015449197651034463,0.001984196954564985
2022-07-01,0.11907880375463861,0.1927930790908428,0.2090335728357856,0.6693513223228891,0.8245067604678995,0.9438759482235899,0.9097995522586619,1.645056705690194e-05,0.8541311306523705,7.261815419051841e-07,9.758552167653318e-05,0.0011653570316172773,0.0019802442908905737
2022-07-02,0.11771684557197484,0.1927930790908428,0.1927930790908428,0.6533572358220858,0.7967967973425223,0.9438759482235899,0.9097995522586619,0.0005217061449703135,0.850992892376992,1.645056705690194e-05,7.261815419051841e-07,9.758552167653318e-05,0.0022467751358492536
2022-07-03,0.1176598995852435,0.3767981853259283,0.1927930790908428,0.6373631493212825,0.7690868342171451,0.9207300906387028,0.9158740199167253,0.003954279047223012,0.8546778591313634,0.0005217061449703135,1.645056705690194e-05,7.261815419051841e-07,0.0030879986156331007
2022-07-04,0.11645928836498573,0.1475654708989279,0.3767981853259283,0.6199519430736731,0.7702597686959463,0.9207300906387028,0.9158740199167253,0.0006180640559873525,0.8864537458310713,0.003954279047223012,0.0005217061449703135,1.645056705690194e-05,0.003331181438648829
2022-07-05,0.11253001528050635,0.1475654708989279,0.1475654708989279,0.6025407368260638,0.7714327031747473,0.9207300906387028,0.9158740199167253,0.00014612083100938537,0.9230449529673718,0.0006180640559873525,0.003954279047223012,0.0005217061449703135,0.0027965057160227306
2022-07-06,0.10903732809430253,0.22031701513847723,0.1475654708989279,0.5851295305784546,0.7726056376535486,0.9207300906387028,0.9158740199167253,2.5886561488810236e-05,0.9366515787329115,0.00014612083100938537,0.0006180640559873525,0.003954279047223012,0.0027588935380731578
2022-07-07,0.10587208033180537,0.22031701513847723,0.22031701513847723,0.5677183243308452,0.7737785721323498,0.9207300906387028,0.9158740199167253,0.00025643447104863206,0.952984925892968,2.5886561488810236e-05,0.00014612083100938537,0.0006180640559873525,0.002893034195942207
2022-07-08,0.10368915084042776,0.20338557430898718,0.22031701513847723,0.5503071180832362,0.7749515066111509,0.8943441844299407,0.8988872835542348,0.000927678052491182,0.9473124708712594,0.00025643447104863206,2.5886561488810236e-05,0.00014612083100938537,0.0033710501984750402
2022-07-09,0.100087317179655,0.20257300177806403,0.20338557430898718,0.5555845445644941,0.7744517471891779,0.8943441844299407,0.8988872835542348,0.0003375702637119568,0.8680075990445969,0.000927678052491182,0.00025643447104863206,2.5886561488810236e-05,0.0032744553313436664
2022-07-10,0.09670377646802017,0.20257300177806403,0.20257300177806403,0.5608619710457523,0.7739519877672048,0.8943441844299407,0.8988872835542348,1.055307134834297e-05,0.8367299174300211,0.0003375702637119568,0.000927678052491182,0.00025643447104863206,0.0012056369998004089
2022-07-11,0.09386596812922934,0.2079452730729917,0.20257300177806403,0.5661393975270105,0.7734522283452318,0.8943441844299407,0.8988872835542348,1.0955980332390866e-06,0.870277671912953,1.055307134834297e-05,0.0003375702637119568,0.000927678052491182,0.0008819847826819621
2022-07-12,0.09168303863785202,0.07660292678428283,0.2079452730729917,0.5714168240082687,0.7729524689232585,0.8943441844299407,0.8988872835542348,1.5262464399898935e-05,0.867875855585763,1.0955980332390866e-06,1.055307134834297e-05,0.0003375702637119568,0.0008133384849083267
2022-07-13,0.0864440078585462,0.07660292678428283,0.07660292678428283,0.5766942504895267,0.7724527095012855,0.8600187928797294,0.8769410797978654,0.0003531317027535095,0.8335672952325393,1.5262464399898935e-05,1.0955980332390866e-06,1.055307134834297e-05,0.0009850062811239905
2022-07-14,0.08360619951975537,0.18942776254687044,0.07660292678428283,0.568826782586853,0.7662791268441379,0.8600187928797294,0.8769410797978654,2.244360659047321e-05,0.8787335608096603,0.0003531317027535095,1.5262464399898935e-05,1.0955980332390866e-06,0.0008622582522888155
2022-07-15,0.08207814887579121,0.03677332193873821,0.18942776254687044,0.5609593146841793,0.7601055441869902,0.8600187928797294,0.8769410797978654,6.23580703332165e-06,0.9058952638738372,2.244360659047321e-05,0.0003531317027535095,1.5262464399898935e-05,0.0003788837428722962
2022-07-16,0.08033180528268949,0.2061295448172339,0.03677332193873821,0.5530918467815056,0.7539319615298427,0.8600187928797294,0.8769410797978654,1.2351412415374967e-05,0.9234074269973875,6.23580703332165e-06,2.244360659047321e-05,0.0003531317027535095,0.00020827890738380056
2022-07-17,0.07858546168958744,0.18930132271667643,0.2061295448172339,0.5452243788788318,0.7477583788726949,0.8600187928797294,0.8769410797978654,0.0018525070215872049,0.9330620698390062,1.2351412415374967e-05,6.23580703332165e-06,2.244360659047321e-05,0.0011745397788094603
2022-07-18,0.07825802226588083,0.18930132271667643,0.18930132271667643,0.5373569109761582,0.7415847962155473,0.8007729024499799,0.8275138769167609,0.0004029371793604294,0.8936546419249313,0.0018525070215872049,1.2351412415374967e-05,6.23580703332165e-06,0.0013853397266029028
2022-07-19,0.0731281379611437,0.22663022869838007,0.18930132271667643,0.5216605260716242,0.7343472827376432,0.8007729024499799,0.8275138769167609,8.446403057681156e-06,0.918012973132692,0.0004029371793604294,0.0018525070215872049,1.2351412415374967e-05,0.0013817641250677135
2022-07-20,0.07432874918140142,0.04537843121601641,0.22663022869838007,0.5059641411670901,0.7271097692597391,0.8007729024499799,0.8275138769167609,0.0011886886601395893,1.0,8.446403057681156e-06,0.0004029371793604294,0.0018525070215872049,0.0018200845258925828
2022-07-21,0.0739823277621176,0.04537843121601641,0.04537843121601641,0.4902677562625562,0.719872255781835,0.8007729024499799,0.8275138769167609,0.010887342071242291,0.9085046796581341,0.0011886886601395893,8.446403057681156e-06,0.0004029371793604294,0.007519644092538851
2022-07-22,0.07396162013057891,0.2359400641587201,0.04537843121601641,0.4745713713580221,0.7126347423039309,0.8007729024499799,0.8275138769167609,0.003902789289648739,0.8620025846040741,0.010887342071242291,0.0011886886601395893,8.446403057681156e-06,0.00956371645557508
2022-07-23,0.07375454381519136,0.1045192973680741,0.2359400641587201,0.45887498645348823,0.7053972288260267,0.762895030434348,0.7734852165478407,0.00042336017343554664,0.8904753359912735,0.003902789289648739,0.010887342071242291,0.0011886886601395893,0.009779325365632486
2022-07-24,0.0736738703339882,0.22188851717372676,0.1045192973680741,0.46239281647776004,0.7141738013383097,0.762895030434348,0.7734852165478407,1.798032009558614e-05,0.9360874484448489,0.00042336017343554664,0.003902789289648739,0.010887342071242291,0.00881696071530718
2022-07-25,0.07236411263916176,0.22349461221684364,0.22188851717372676,0.46591064650203207,0.7229503738505925,0.762895030434348,0.7734852165478407,2.106913278161296e-05,0.9448387861420804,1.798032009558614e-05,0.00042336017343554664,0.003902789289648739,0.008616638578367215
2022-07-26,0.06999610869090661,0.22349461221684364,0.22349461221684364,0.46942847652630404,0.7317269463628754,0.762895030434348,0.7734852165478407,0.00014026153679923685,0.9648287896507067,2.106913278161296e-05,1.798032009558614e-05,0.00042336017343554664,0.008685786781545525
2022-07-27,0.0675616677581315,0.22957455642975605,0.22349461221684364,0.47294630655057607,0.7405035188751582,0.762895030434348,0.7734852165478407,0.0010629375899257401,0.9585495171991073,0.00014026153679923685,2.106913278161296e-05,1.798032009558614e-05,0.008619819693349977
2022-07-28,0.06385068762278981,0.31714319693637516,0.22957455642975605,0.4764641365748481,0.7492800913874411,0.762895030434348,0.7734852165478407,0.0025836226268858907,0.8985658327319477,0.0010629375899257401,0.00014026153679923685,2.106913278161296e-05,0.004263815470042691
2022-07-29,0.16393800480244478,0.7652984568301987,0.31714319693637516,0.47998196659911985,0.7580566638997239,0.762895030434348,0.7734852165478407,0.07034946741932402,0.7767260963655351,0.0025836226268858907,0.0010629375899257401,0.00014026153679923685,0.03912072658043959
2022-07-30,0.30997598777559476,0.7795735198846193,0.7652984568301987,0.48349979662339193,0.7668332364120068,0.762895030434348,0.7734852165478407,0.12840158777262523,0.7328413922883411,0.07034946741932402,0.0025836226268858907,0.0010629375899257401,0.10625614747815994
2022-07-31,0.3339882121807466,0.7795735198846193,0.7795735198846193,0.4870176266476639,0.7756098089242897,0.762895030434348,0.7734852165478407,0.12793285349110817,0.7919869329067073,0.12840158777262523,0.07034946741932402,0.0025836226268858907,0.17335833361180206
2022-08-01,0.32525649421523695,0.6347932945345186,0.7795735198846193,0.49053545667193593,0.7843863814365726,0.762895030434348,0.7734852165478407,0.019986508938580755,0.8576792204906231,0.12793285349110817,0.12840158777262523,0.07034946741932402,0.18383189798220678
2022-08-02,0.30430037109801356,0.5689828259100759,0.6347932945345186,0.49405328669620796,0.7931629539488554,0.7357312822940552,0.735381114703381,0.0007813890718494858,0.8886875789354998,0.019986508938580755,0.12793285349110817,0.12840158777262523,0.18416822368168062
2022-08-03,0.2842174197773413,0.5689828259100759,0.5689828259100759,0.5135576176551199,0.806965729582082,0.7357312822940552,0.735381114703381,0.00012678574409726777,0.9264435461403491,0.0007813890718494858,0.019986508938580755,0.12793285349110817,0.18367713274087852
2022-08-04,0.26162409954158483,0.41671295496108685,0.5689828259100759,0.5330619486140321,0.8207685052153086,0.7357312822940552,0.735381114703381,0.00115061421116136,0.9137328003399082,0.00012678574409726777,0.0007813890718494858,0.019986508938580755,0.1829253984424403
2022-08-05,0.2415411482209124,0.17657889844366537,0.41671295496108685,0.5525662795729442,0.8345712808485353,0.7357312822940552,0.735381114703381,0.00014002477470468364,0.8985467044923022,0.00115061421116136,0.00012678574409726777,0.0007813890718494858,0.1460945986152772
2022-08-06,0.20890635232481988,0.17657889844366537,0.17657889844366537,0.5720706105318565,0.8483740564817619,0.7357312822940552,0.735381114703381,0.0004079420126012929,0.9177577516923794,0.00014002477470468364,0.00115061421116136,0.00012678574409726777,0.07895108958618882
2022-08-07,0.17834533944553585,0.17657889844366537,0.17657889844366537,0.5915749414907686,0.8621768321149885,0.7357312822940552,0.735381114703381,0.0001052390644993223,0.8957501772455982,0.0004079420126012929,0.00014002477470468364,0.00115061421116136,0.011894678055324424
2022-08-08,0.1530233573455578,0.17657889844366537,0.17657889844366537,0.6110792724496807,0.8759796077482151,0.7357312822940552,0.735381114703381,0.002216640387074616,0.9078377885554927,0.0001052390644993223,0.0004079420126012929,0.00014002477470468364,0.002572876785824095
2022-08-09,0.13545077493996935,0.17657889844366537,0.17657889844366537,0.630583603408593,0.8897823833814419,0.7357312822940552,0.735381114703381,0.01215621848897739,0.8548171499946574,0.002216640387074616,0.0001052390644993223,0.0004079420126012929,0.00853993833124815
2022-08-10,0.29150046635311855,0.17657889844366537,0.17657889844366537,0.6500879343675052,0.9035851590146685,0.7357312822940552,0.735381114703381,0.009519252775339887,0.8386002834248999,0.01215621848897739,0.002216640387074616,0.0001052390644993223,0.013467082887315027
2022-08-11,0.2849814450993231,0.17657889844366537,0.17657889844366537,0.6695922653264174,0.9173879346478951,0.7357312822940552,0.735381114703381,0.00048661253173158724,0.8324285538477898,0.009519252775339887,0.01215621848897739,0.002216640387074616,0.013118757761537203
2022-08-12,0.2552936040165902,0.17657889844366537,0.17657889844366537,0.6890965962853295,0.9311907102811218,0.7415020440146673,0.7300120926096817,2.541211734254975e-06,0.8251351485757736,0.00048661253173158724,0.009519252775339887,0.01215621848897739,0.013046635987078462
2022-08-13,0.22134905042567124,0.17657889844366537,0.17657889844366537,0.680461097441611,0.9212643055211882,0.7415020440146673,0.7300120926096817,3.6384036307469564e-06,0.8570527706422476,2.541211734254975e-06,0.00048661253173158724,0.009519252775339887,0.012834544497237602
2022-08-14,0.18434839554682383,0.17657889844366537,0.17657889844366537,0.6718255985978925,0.9113379007612548,0.7415020440146673,0.7300120926096817,1.6444090714937766e-05,0.8921019697121437,3.6384036307469564e-06,2.541211734254975e-06,0.00048661253173158724,0.012787964012021895
2022-08-15,0.15105872080331814,0.17657889844366537,0.17657889844366537,0.6631900997541742,0.9014114960013213,0.7415020440146673,0.7300120926096817,6.5387173093058845e-06,0.9058358929958318,1.6444090714937766e-05,3.6384036307469564e-06,2.541211734254975e-06,0.011628578477389065
2022-08-16,0.12781052172014853,0.17657889844366537,0.17657889844366537,0.6545546009104557,0.8914850912413879,0.7415020440146673,0.7300120926096817,2.3005963118496818e-05,0.9342416497098336,6.5387173093058845e-06,1.6444090714937766e-05,3.6384036307469564e-06,0.005263680751846671
2022-08-17,0.1129666011787819,0.17657889844366537,0.17657889844366537,0.6459191020667371,0.8815586864814543,0.7415020440146673,0.7300120926096817,0.002986287805337295,0.7598466012960605,2.3005963118496818e-05,6.5387173093058845e-06,1.6444090714937766e-05,0.0018365872438415338
2022-08-18,0.10358000436585882,0.17657889844366537,0.17657889844366537,0.6372836032230186,0.8716322817215209,0.7415020440146673,0.7300120926096817,0.0008011791643625492,0.7293121862393868,0.002986287805337295,2.3005963118496818e-05,6.5387173093058845e-06,0.0020016040883332285
2022-08-19,0.09484828640034917,0.17657889844366537,0.17657889844366537,0.6286481043793003,0.8617058769615874,0.7415020440146673,0.7300120926096817,5.865052697421244e-05,0.7670519280524578,0.0008011791643625492,0.002986287805337295,2.3005963118496818e-05,0.002031038176971453
2022-08-20,0.08786291202794158,0.17657889844366537,0.17657889844366537,0.6200126055355818,0.8517794722016538,0.7415020440146673,0.7300120926096817,0.00026272818597546473,0.8280320685243212,5.865052697421244e-05,0.0008011791643625492,0.002986287805337295,0.002166952714266714
2022-08-21,0.0866623008076838,0.17657889844366537,0.17657889844366537,0.6113771066918632,0.8418530674417204,0.7415020440146673,0.7300120926096817,0.027973849319918087,0.7716400777260435,0.00026272818597546473,5.865052697421244e-05,0.0008011791643625492,0.016832979916557526
2022-08-22,0.08316961362148004,0.17657889844366537,0.17657889844366537,0.6027416078481449,0.8319266626817869,0.7568978471120631,0.7234291016305605,0.01052445586408915,0.7325114607107568,0.027973849319918087,0.00026272818597546473,5.865052697421244e-05,0.022350518390585317
2022-08-23,0.07793058284217419,0.17657889844366537,0.17657889844366537,0.5889999901377647,0.8279505975967045,0.7568978471120631,0.7234291016305605,0.0003508545219846238,0.7731275580869412,0.01052445586408915,0.027973849319918087,0.00026272818597546473,0.022522502730446016
2022-08-24,0.0731281379611437,0.17657889844366537,0.17657889844366537,0.5752583724273846,0.8239745325116222,0.7568978471120631,0.7234291016305605,0.0008894156072098408,0.778388389280761,0.0003508545219846238,0.01052445586408915,0.027973849319918087,0.02142251564490127
2022-08-25,0.06745252128356252,0.17657889844366537,0.17657889844366537,0.5615167547170046,0.8199984674265398,0.7568978471120631,0.7234291016305605,0.00012272722377503295,0.7964842387201256,0.0008894156072098408,0.0003508545219846238,0.01052445586408915,0.021066610133122592
2022-08-26,0.06341410172451423,0.17657889844366537,0.17657889844366537,0.5477751370066244,0.8160224023414575,0.7568978471120631,0.7234291016305605,7.287118644434427e-07,0.8109404822226168,0.00012272722377503295,0.0008894156072098408,0.0003508545219846238,0.021036225234773054
2022-08-27,0.06155861165684351,0.17657889844366537,0.17657889844366537,0.5340335192962443,0.8120463372563751,0.7568978471120631,0.7234291016305605,5.686735850094975e-05,0.8354450711285583,7.287118644434427e-07,0.00012272722377503295,0.0008894156072098408,0.020928233793118322
2022-08-28,0.06088475081385303,0.17657889844366537,0.17657889844366537,0.5202919015858642,0.8080702721712928,0.7568978471120631,0.7234291016305605,0.025612787532101913,0.8515626450230329,5.686735850094975e-05,7.287118644434427e-07,0.00012272722377503295,0.019689656889342173
2022-08-29,0.06363239467365212,0.17657889844366537,0.17657889844366537,0.5065502838754841,0.8040942070862104,0.7568978471120631,0.7234291016305605,0.014330316256782057,0.8391578746661822,0.025612787532101913,5.686735850094975e-05,7.287118644434427e-07,0.02168615304446645
2022-08-30,0.07967692643527621,0.17657889844366537,0.17657889844366537,0.492808666165104,0.8001181420011281,0.7568978471120631,0.7234291016305605,0.0039044938577168773,0.7992457790109289,0.014330316256782057,0.025612787532101913,5.686735850094975e-05,0.02355033789058156
2022-08-31,0.07618423924907214,0.17657889844366537,0.17657889844366537,0.4790670484547239,0.7961420769160457,0.7568978471120631,0.7234291016305605,0.00020962590366615277,0.8268190600685545,0.0039044938577168773,0.014330316256782057,0.025612787532101913,0.023193730608815834
2022-09-01,0.07094520846976635,0.17657889844366537,0.17657889844366537,0.4653254307443436,0.7921660118309634,0.7568978471120631,0.7234291016305605,0.0466438497945949,0.7706162891169258,0.00020962590366615277,0.0039044938577168773,0.014330316256782057,0.04759800001476441
2022-09-02,0.07116350141890426,0.17657889844366537,0.17657889844366537,0.4515838130339636,0.7881899467458809,0.7568978471120631,0.7234291016305605,0.05933997606559342,0.7476120906058276,0.0466438497945949,0.00020962590366615277,0.0039044938577168773,0.07872646164124623
2022-09-03,0.06788910718183785,0.17657889844366537,0.17657889844366537,0.4378421953235836,0.7842138816607986,0.7568978471120631,0.7234291016305605,0.0025859519026458916,0.7847254284049632,0.05933997606559342,0.0466438497945949,0.00020962590366615277,0.08005318071325004
2022-09-04,0.06603361711416714,0.17657889844366537,0.17657889844366537,0.4241005776132033,0.7802378165757162,0.7568978471120631,0.7234291016305605,0.000118287130738623,0.7830995738695723,0.0025859519026458916,0.05933997606559342,0.0466438497945949,0.06667915571594292
2022-09-05,0.059703121589172736,0.17657889844366537,0.17657889844366537,0.4103589599028233,0.7762617514906339,0.7568978471120631,0.7234291016305605,0.0015442915068582706,0.7412930185821227,0.000118287130738623,0.0025859519026458916,0.05933997606559342,0.05997180268177541
2022-09-06,0.05817507094520838,0.17657889844366537,0.17657889844366537,0.3966173421924432,0.7722856864055515,0.7562447192474386,0.6942063008763758,0.00032650528053163627,0.7722886350526685,0.0015442915068582706,0.000118287130738623,0.0025859519026458916,0.058094844595991714
2022-09-07,0.05631958087753766,0.17657889844366537,0.17657889844366537,0.4132909432012755,0.7777892923398403,0.7562447192474386,0.6942063008763758,2.5711669091442253e-06,0.7813719668772836,0.00032650528053163627,0.0015442915068582706,0.000118287130738623,0.05798622684778704
2022-09-08,0.0531543331150402,0.17657889844366537,0.17657889844366537,0.42996454421010777,0.7832928982741292,0.7562447192474386,0.6942063008763758,1.1384423457108345e-05,0.7588798154522106,2.5711669091442253e-06,0.00032650528053163627,0.0015442915068582706,0.03352354871167004
2022-09-09,0.05009823182711198,0.17657889844366537,0.17657889844366537,0.44663814521894024,0.7887965042084178,0.7562447192474386,0.6942063008763758,1.4643001120735263e-05,0.7718021483060394,1.1384423457108345e-05,2.5711669091442253e-06,0.00032650528053163627,0.002402386308526744
2022-09-10,0.04802444881030335,0.17657889844366537,0.17657889844366537,0.46331174622777255,0.7943001101427067,0.7562447192474386,0.6942063008763758,2.5077303137484014e-05,0.7707037259503827,1.4643001120735263e-05,1.1384423457108345e-05,2.5711669091442253e-06,0.00105899065967681
2022-09-11,0.04485920104780616,0.17657889844366537,0.17657889844366537,0.479985347236605,0.7998037160769955,0.7629457354984959,0.6758179273197382,0.021939554145439105,0.6293403515027938,2.5077303137484014e-05,1.4643001120735263e-05,1.1384423457108345e-05,0.012506093600823758
2022-09-12,0.04082078148875781,0.17657889844366537,0.17657889844366537,0.4496703802284023,0.7784020742209808,0.7629457354984959,0.6758179273197382,0.0011234018800564069,0.6563884462682487,0.021939554145439105,2.5077303137484014e-05,1.4643001120735263e-05,0.012285301339695378
2022-09-13,0.0423488321327222,0.17657889844366537,0.17657889844366537,0.41935541322019954,0.7570004323649662,0.7629457354984959,0.6758179273197382,1.8983906539184423e-05,0.7417579173074913,0.0011234018800564069,0.021939554145439105,2.5077303137484014e-05,0.01212398033013516
2022-09-14,0.04587270402594576,0.17657889844366537,0.17657889844366537,0.389040446211997,0.7355987905089516,0.7629457354984959,0.6758179273197382,1.2328639503481851e-05,0.7810600024001978,1.8983906539184423e-05,0.0011234018800564069,0.021939554145439105,0.012129098951027227
2022-09-15,0.04475005457323719,0.17657889844366537,0.17657889844366537,0.3587254792037943,0.7141971486529368,0.7629457354984959,0.6758179273197382,4.390141109053377e-06,0.7549803893528745,1.2328639503481851e-05,1.8983906539184423e-05,0.0011234018800564069,0.012125429857478089
2022-09-16,0.04442261514953058,0.17657889844366537,0.17657889844366537,0.32841051219559136,0.6927955067969223,0.7509923245566814,0.6360885507592072,1.2396026277168117e-05,0.7688690955405926,4.390141109053377e-06,1.2328639503481851e-05,1.8983906539184423e-05,0.012124251128840422
2022-09-17,0.04710382202480945,0.17657889844366537,0.17657889844366537,0.32957273671387893,0.6466272382606035,0.7509923245566814,0.6360885507592072,5.735824345624464e-05,0.8226503719121051,1.2396026277168117e-05,4.390141109053377e-06,1.2328639503481851e-05,0.012141185216426487
2022-09-18,0.04922506003056082,0.17657889844366537,0.17657889844366537,0.33073496123216656,0.6004589697242849,0.7509923245566814,0.6360885507592072,2.0360399819219292e-05,0.8564136704884187,5.735824345624464e-05,1.2396026277168117e-05,4.390141109053377e-06,0.0006427114099320202
2022-09-19,0.04867932765771657,0.17657889844366537,0.17657889844366537,0.3318971857504542,0.5542907011879662,0.7509923245566814,0.6360885507592072,2.6948389126241473e-05,0.864781572538387,2.0360399819219292e-05,5.735824345624464e-05,1.2396026277168117e-05,6.752867776518163e-05
2022-09-20,0.04638725169177027,0.17657889844366537,0.17657889844366537,0.3330594102687418,0.5081224326516475,0.7509923245566814,0.6360885507592072,2.548317570430927e-06,0.871399301773419,2.6948389126241473e-05,2.0360399819219292e-05,5.735824345624464e-05,5.890681915830262e-05
2022-09-21,0.04485920104780616,0.17657889844366537,0.17657889844366537,0.3342216347870292,0.4619541641153289,0.6913485988927679,0.6123867785497231,0.0,0.8794702730426345,2.548317570430927e-06,2.6948389126241473e-05,2.0360399819219292e-05,5.24394034291611e-05
2022-09-22,0.04245797860729089,0.17657889844366537,0.17657889844366537,0.33999955075407146,0.5118529166439278,0.6913485988927679,0.6123867785497231,0.0023674963019545293,0.7315520083773138,0.0,2.548317570430927e-06,2.6948389126241473e-05,0.0012920887540298059
2022-09-23,0.0359091901331586,0.17657889844366537,0.17657889844366537,0.34577746672111365,0.5617516691725268,0.6913485988927679,0.6123867785497231,0.0004045486544226576,0.6777247600624356,0.0023674963019545293,0.0,2.548317570430927e-06,0.001497806025167113
2022-09-24,0.036345776031434185,0.15401664145721117,0.17657889844366537,0.3515553826881559,0.6116504217011257,0.6913485988927679,0.6123867785497231,0.0008831546987984141,0.8074030412526002,0.0004045486544226576,0.0023674963019545293,0.0,0.0019310062158970013
2022-09-25,0.035690897184020964,0.10857321605964727,0.15401664145721117,0.35733329865519814,0.6615491742297247,0.6913485988927679,0.6123867785497231,0.0002661464600241826,0.7596839501464911,0.0008831546987984141,0.0004045486544226576,0.0023674963019545293,0.0020599418240250613
2022-09-26,0.027395765116786652,0.24953571804843405,0.10857321605964727,0.3631112146222401,0.7114479267583237,0.6713283585537662,0.5874892597630691,4.711323898022589e-06,0.6853509386473177,0.0002661464600241826,0.0008831546987984141,0.0004045486544226576,0.002048276599700326
2022-09-27,0.02455795677799605,0.17179663818633528,0.24953571804843405,0.36960817943510116,0.6927183129244886,0.6713283585537662,0.5874892597630691,6.884808840859834e-06,0.7136393439166583,4.711323898022589e-06,0.0002661464600241826,0.0008831546987984141,0.0020505514566984346
2022-09-28,0.024776249727133742,0.045828939256981824,0.17179663818633528,0.376105144247962,0.6739886990906537,0.6713283585537662,0.5874892597630691,7.312420602974162e-07,0.7462820362683341,6.884808840859834e-06,4.711323898022589e-06,0.0002661464600241826,0.00205093505509964
2022-09-29,0.024230517354289438,0.18667503484047143,0.045828939256981824,0.38260210906082276,0.6552590852568188,0.6713283585537662,0.5874892597630691,2.216498079310166e-06,0.6934987742724872,7.312420602974162e-07,6.884808840859834e-06,4.711323898022589e-06,0.00081014544460932
2022-09-30,0.019864658371534533,0.21548939176465204,0.18667503484047143,0.3890990738736836,0.6365294714229838,0.6713283585537662,0.5874892597630691,3.694163465518621e-07,0.6570075320499241,2.216498079310166e-06,7.312420602974162e-07,6.884808840859834e-06,0.0005981191978375519
2022-10-01,0.017026850032743956,0.21548939176465204,0.21548939176465204,0.3955960386865444,0.6177998575891489,0.594547374606851,0.5316826306868064,1.2424849340958868e-05,0.6549710009317382,3.694163465518621e-07,2.216498079310166e-06,7.312420602974162e-07,0.00014134763576674673
2022-10-02,0.013206723422833522,0.20886577495839354,0.21548939176465204,0.38050721429173306,0.6257946742543724,0.594547374606851,0.5316826306868064,1.0930677740429704e-06,0.6557605297177905,1.2424849340958868e-05,3.694163465518621e-07,2.216498079310166e-06,2.3046799226363546e-06
2022-10-03,0.011678672778869165,0.09724069609432494,0.20886577495839354,0.36541838989692177,0.633789490919596,0.594547374606851,0.5316826306868064,1.744733455295253e-05,0.6707427845323747,1.0930677740429704e-06,1.2424849340958868e-05,3.694163465518621e-07,8.985796327485274e-06
2022-10-04,0.010150622134905057,0.09724069609432494,0.09724069609432494,0.35032956550211025,0.6417843075848195,0.594547374606851,0.5316826306868064,1.5301342301902956e-05,0.6846603511391735,1.744733455295253e-05,1.0930677740429704e-06,1.2424849340958868e-05,1.3400981058567255e-05
2022-10-05,0.009932329185767391,0.16910593717490596,0.09724069609432494,0.3352407411072989,0.6497791242500431,0.594547374606851,0.5316826306868064,0.0015195894378862908,0.6880516108017423,1.5301342301902956e-05,1.744733455295253e-05,1.0930677740429704e-06,0.0008101707611502543
2022-10-06,0.010316714596205395,0.33097882295744746,0.16910593717490596,0.3201519167124873,0.6577739409152666,0.5518798327197572,0.4779506098586171,0.00013087145637787515,0.690087362734446,0.0015195894378862908,1.5301342301902956e-05,1.744733455295253e-05,0.0008776611846229391
2022-10-07,0.009823182711198447,0.17337891033021313,0.33097882295744746,0.3485844192276891,0.5490180577868153,0.5518798327197572,0.4779506098586171,7.295824418677679e-07,0.6411147302494242,0.00013087145637787515,0.0015195894378862908,1.5301342301902956e-05,0.0008778501222481566
2022-10-08,0.005129884304736876,0.1688579341532992,0.17337891033021313,0.3770169217428906,0.4402621746583639,0.5518798327197572,0.4779506098586171,0.0,0.5216574527983573,7.295824418677679e-07,0.00013087145637787515,0.0015195894378862908,0.0008713322363097092
2022-10-09,0.004038419559048351,0.1688579341532992,0.1688579341532992,0.4054494242580919,0.3315062915299126,0.5518798327197572,0.4779506098586171,0.0017121616696293522,0.5709143046460925,0.0,7.295824418677679e-07,0.00013087145637787515,0.0017689326557357187
2022-10-10,0.005761035657678576,0.3195686087980915,0.1688579341532992,0.4338819267732934,0.22275040840146137,0.5518798327197572,0.4779506098586171,0.015396750652332859,0.626995996285272,0.0017121616696293522,0.0,7.295824418677679e-07,0.009836679964961605
2022-10-11,0.009168303863785199,0.045949246973303756,0.3195686087980915,0.46231442928849514,0.11399452527301007,0.39059802554144407,0.49044235093384897,0.06400776509567539,0.6507430946787518,0.015396750652332859,0.0017121616696293522,0.0,0.0434061477483398
2022-10-12,0.013440608725481085,0.045949246973303756,0.045949246973303756,0.43956764488943006,0.16315008509078016,0.39059802554144407,0.49044235093384897,0.0048510140351398345,0.6718063879917434,0.06400776509567539,0.015396750652332859,0.0017121616696293522,0.045153762141204326
2022-10-13,0.00895001091464756,0.3856368959766672,0.045949246973303756,0.41682086049036526,0.2123056449085504,0.39059802554144407,0.49044235093384897,8.02478446698634e-05,0.5710614484767811,0.0048510140351398345,0.06400776509567539,0.015396750652332859,0.04512720576874053
2022-10-14,0.008185985592665368,0.10018745176926434,0.3856368959766672,0.39407407609130063,0.26146120472632056,0.39059802554144407,0.49044235093384897,3.620787019613747e-06,0.5881501930432029,8.02478446698634e-05,0.0048510140351398345,0.06400776509567539,0.045128722450443894
2022-10-15,0.013440608725481085,0.31695203269614086,0.10018745176926434,0.3713272916922358,0.31061676454409065,0.39059802554144407,0.49044235093384897,0.0006115318614317025,0.6589499345064052,3.620787019613747e-06,8.02478446698634e-05,0.0048510140351398345,0.04544952271217406
2022-10-16,0.016239097216290244,0.2620356845863912,0.31695203269614086,0.34858050729317075,0.3597723243618609,0.39059802554144407,0.49044235093384897,0.12217622411701148,0.5863630776695912,0.0006115318614317025,3.620787019613747e-06,8.02478446698634e-05,0.10864312749300378
2022-10-17,0.010368915084042696,0.2620356845863912,0.2620356845863912,0.3258337228941059,0.4089278841796311,0.39059802554144407,0.49044235093384897,0.006865619293560733,0.47489133609149764,0.12217622411701148,0.0006115318614317025,3.620787019613747e-06,0.10416782645743503
2022-10-18,0.004857018118314849,0.25210568593462623,0.2620356845863912,0.30308693849504104,0.45808344399740136,0.39059802554144407,0.49044235093384897,1.0654567627538033e-05,0.36544237529957674,0.006865619293560733,0.12217622411701148,0.0006115318614317025,0.07059592104713049
2022-10-19,8.395882659148479e-05,0.034294090661363505,0.25210568593462623,0.28034015409597624,0.5072390038151715,0.39059802554144407,0.49044235093384897,1.9317189438908287e-05,0.35649327727170377,1.0654567627538033e-05,0.006865619293560733,0.12217622411701148,0.06806128677791536
2022-10-20,0.0,0.034294090661363505,0.034294090661363505,0.2575933696969114,0.5563945636329416,0.39059802554144407,0.49044235093384897,1.4530913386792946e-05,0.4808052622215056,1.9317189438908287e-05,1.0654567627538033e-05,0.006865619293560733,0.06802681268083993
2022-10-21,0.0018554900676707176,0.16322821783401753,0.034294090661363505,0.2348465852978463,0.6055501234507118,0.34300575585982407,0.4438313050412837,1.4470160417604786e-06,0.6060690451532643,1.4530913386792946e-05,1.9317189438908287e-05,1.0654567627538033e-05,0.06802567235383063
2022-10-22,0.009199488570804965,0.07219665537700591,0.16322821783401753,0.22900419211713452,0.5969128931528237,0.34300575585982407,0.4438313050412837,0.0,0.7200069546123699,1.4470160417604786e-06,1.4530913386792946e-05,1.9317189438908287e-05,0.06770487209210045
2022-10-23,0.015498799388779821,0.18991505289524085,0.07219665537700591,0.22316179893642274,0.5882756628549356,0.34300575585982407,0.4438313050412837,2.1709540833967774e-06,0.7433446750655232,0.0,1.4470160417604786e-06,1.4530913386792946e-05,0.0036142323345174214
2022-10-24,0.06452929396467455,0.18991505289524085,0.18991505289524085,0.2173194057557107,0.5796384325570476,0.34300575585982407,0.4438313050412837,0.2636611569255656,0.6204213667020284,2.1709540833967774e-06,0.0,1.4470160417604786e-06,0.13832524394169946
2022-10-25,0.23553809211962465,0.18991505289524085,0.18991505289524085,0.21147701257499893,0.5710012022591596,0.34300575585982407,0.4438313050412837,0.23308441585028353,0.447355715665441,0.2636611569255656,2.1709540833967774e-06,0.0,0.26059217447719446
2022-10-26,0.2337727665309454,0.6912703330675808,0.18991505289524085,0.20563461939428693,0.5623639719612715,0.31104993616577925,0.42048651563057426,0.011898169490743484,0.4567522800533186,0.23308441585028353,0.2636611569255656,2.1709540833967774e-06,0.26682363871912457
2022-10-27,0.2247325911373064,0.12482512321450447,0.6912703330675808,0.19184337547926916,0.5586098128889662,0.31104993616577925,0.42048651563057426,3.3529541206983455e-05,0.48124632703804987,0.011898169490743484,0.23308441585028353,0.2636611569255656,0.2668336051087138
2022-10-28,0.224205840760039,0.12482512321450447,0.12482512321450447,0.17805213156425143,0.5548556538166608,0.31104993616577925,0.42048651563057426,0.015372500502015682,0.48782494421757716,3.3529541206983455e-05,0.011898169490743484,0.23308441585028353,0.2748970246823473
2022-10-29,0.22189478279851552,0.5806229268967569,0.12482512321450447,0.16426088764923372,0.5511014947443554,0.31104993616577925,0.42048651563057426,0.019391985729470748,0.49617549029291586,0.015372500502015682,3.3529541206983455e-05,0.011898169490743484,0.2850697638147249
2022-10-30,0.2212399039511023,0.0651004092662031,0.5806229268967569,0.15046964373421595,0.5473473356720503,0.31104993616577925,0.42048651563057426,0.0013402870080558617,0.5188579463130518,0.019391985729470748,0.015372500502015682,3.3529541206983455e-05,0.2857717190314731
2022-10-31,0.21523684784981453,0.519453897802958,0.0651004092662031,0.136678399819198,0.5435931765997449,0.33105155284719845,0.3829253534625458,0.00010251306018989354,0.4726255258260669,0.0013402870080558617,0.019391985729470748,0.015372500502015682,0.14751288532930662
2022-11-01,0.21130757476533515,0.5152303965917152,0.519453897802958,0.15185791357966213,0.5530484401876499,0.33105155284719845,0.3829253534625458,1.1284344132594973e-05,0.5360955916970309,0.00010251306018989354,0.0013402870080558617,0.019391985729470748,0.025246285164934313
2022-11-02,0.21264851716718117,0.5152303965917152,0.5152303965917152,0.16703742734012625,0.5625037037755551,0.33105155284719845,0.3829253534625458,5.8904203399521935e-06,0.5655096297012685,1.1284344132594973e-05,0.00010251306018989354,0.0013402870080558617,0.019007777445284146
2022-11-03,0.21272647893473032,0.4623980956289774,0.5152303965917152,0.18221694110059058,0.5719589673634603,0.33105155284719845,0.3829253534625458,0.0031323692324756575,0.5866860118559947,5.8904203399521935e-06,1.1284344132594973e-05,0.00010251306018989354,0.02063338135362583
2022-11-04,0.2148201067650968,0.5671832424414329,0.4623980956289774,0.19739645486105445,0.5814142309513655,0.33105155284719845,0.3829253534625458,0.11439687671507023,0.5771351534647828,0.0031323692324756575,5.8904203399521935e-06,1.1284344132594973e-05,0.07258005463479038
2022-11-05,0.2122471835464063,0.5671832424414329,0.5671832424414329,0.2125759686215186,0.5908694945392705,0.3015097503694629,0.3543023596761077,0.025803743006985902,0.36943165217954654,0.11439687671507023,0.0031323692324756575,5.8904203399521935e-06,0.07594356444106876
2022-11-06,0.20985545210367965,0.551188199264607,0.5671832424414329,0.21582282213770593,0.5910809235021685,0.3015097503694629,0.3543023596761077,0.000354513790218535,0.4795972344415566,0.025803743006985902,0.11439687671507023,0.0031323692324756575,0.07542644288742077
2022-11-07,0.20945208469766416,0.06947210841726757,0.551188199264607,0.21906967565389307,0.5912923524650663,0.3015097503694629,0.3543023596761077,4.248790407982439e-05,0.49036356107015167,0.000354513790218535,0.025803743006985902,0.11439687671507023,0.075394954608551
2022-11-08,0.21183147784326575,0.44580453323625435,0.06947210841726757,0.22231652917008018,0.5915037814279642,0.3015097503694629,0.3543023596761077,0.020026145823134407,0.5966190836427354,4.248790407982439e-05,0.000354513790218535,0.025803743006985902,0.08589444483286213
2022-11-09,0.21464433841644062,0.46838146164236205,0.44580453323625435,0.22556338268626752,0.5917152103908622,0.3015097503694629,0.3543023596761077,0.0020687450599064777,0.6410228933097228,0.020026145823134407,4.248790407982439e-05,0.000354513790218535,0.08697658682745082
2022-11-10,0.21651542083762124,0.46838146164236205,0.46838146164236205,0.22881023620245466,0.5919266393537602,0.3015097503694629,0.3543023596761077,0.01422132398741003,0.6313296273132942,0.0020687450599064777,0.020026145823134407,4.248790407982439e-05,0.09279368289725927
2022-11-11,0.27941497489631095,0.7629971813650395,0.46838146164236205,0.23205708971864178,0.592138068316658,0.3015097503694629,0.3543023596761077,0.20578013823266036,0.29290113900875236,0.01422132398741003,0.0020687450599064777,0.020026145823134407,0.1407319442724989
2022-11-12,0.26413446845666877,0.2553216113186496,0.7629971813650395,0.23530394323482917,0.5923494972795559,0.3015097503694629,0.3543023596761077,0.011822287996323337,0.20762025066396916,0.20578013823266036,0.01422132398741003,0.0020687450599064777,0.13339748680647506
2022-11-13,0.2528559994178855,0.2553216113186496,0.2553216113186496,0.23855079675101626,0.5925609262424538,0.3015097503694629,0.3543023596761077,8.852457411646376e-05,0.2215275350780523,0.011822287996323337,0.20578013823266036,0.01422132398741003,0.13325795293175074
2022-11-14,0.2508185985592666,0.5114922350733297,0.2553216113186496,0.24179765026720337,0.5927723552053519,0.3015097503694629,0.3543023596761077,0.008285939754039648,0.2490104611762054,8.852457411646376e-05,0.011822287996323337,0.20578013823266036,0.13758234169677103
2022-11-15,0.2535174932031513,0.5114922350733297,0.5114922350733297,0.24504450378339052,0.5929837841682497,0.2954297945616007,0.325676268693727,0.02362661406840748,0.21537366565441352,0.008285939754039648,8.852457411646376e-05,0.011822287996323337,0.13947109227262927
2022-11-16,0.2467437968420286,0.5114922350733297,0.5114922350733297,0.22121216257713594,0.5824074912813846,0.2954297945616007,0.325676268693727,0.001014000293559759,0.20271543084411883,0.02362661406840748,0.008285939754039648,8.852457411646376e-05,0.13891778929948506
2022-11-17,0.2420868805937569,0.5114922350733297,0.5114922350733297,0.1973798213708814,0.5718311983945195,0.2954297945616007,0.325676268693727,1.8284884370647663e-06,0.21963935476414337,0.001014000293559759,0.02362661406840748,0.008285939754039648,0.13145845943388818
2022-11-18,0.24228838177757642,0.5114922350733297,0.5114922350733297,0.17354748016462682,0.5612549055076543,0.2954297945616007,0.325676268693727,0.008288684442794113,0.17403764672845654,1.8284884370647663e-06,0.001014000293559759,0.02362661406840748,0.027857463212798916
2022-11-19,0.2373717528923817,0.4645671830556767,0.5114922350733297,0.14971513895837224,0.5506786126207893,0.2954297945616007,0.325676268693727,0.0004927876046807291,0.14055896474666962,0.008288684442794113,1.8284884370647663e-06,0.001014000293559759,0.021914180580881695
2022-11-20,0.23370443134686755,0.19906474783865824,0.4645671830556767,0.12588279775211764,0.5401023197339242,0.26660016287540567,0.2887376517742527,3.694163465518621e-07,0.17622190224690448,0.0004927876046807291,0.008288684442794113,1.8284884370647663e-06,0.021867935733361824
2022-11-21,0.23117223313686966,0.19906474783865824,0.19906474783865824,0.12376795749850289,0.5331370651570531,0.26660016287540567,0.2887376517742527,2.216498079310166e-06,0.2570520678474998,3.694163465518621e-07,0.0004927876046807291,0.008288684442794113,0.017522421204665125
2022-11-22,0.230953940187732,0.49932089173428207,0.19906474783865824,0.12165311724488814,0.5261718105801823,0.26660016287540567,0.2887376517742527,3.694163465518621e-07,0.3248422283085275,2.216498079310166e-06,3.694163465518621e-07,0.0004927876046807291,0.005128454600312279
2022-11-23,0.23128137961143838,0.09442268368321687,0.49932089173428207,0.11953827699127334,0.5192065560033112,0.26660016287540567,0.2887376517742527,0.00021474227763932914,0.35115981376855976,3.694163465518621e-07,2.216498079310166e-06,3.694163465518621e-07,0.004709176069023769
2022-11-24,0.23372937911248334,0.4273665222980989,0.09442268368321687,0.11742343673765854,0.5122413014264402,0.26660016287540567,0.2887376517742527,0.01577921589959944,0.38608162365142756,0.00021474227763932914,3.694163465518621e-07,2.216498079310166e-06,0.01298575220533437
2022-11-25,0.23457001034518773,0.47768774856980123,0.4273665222980989,0.11530859648404357,0.5052760468495694,0.3624644166301991,0.2227574507243798,0.0010605659141932702,0.3423540094784103,0.01577921589959944,0.00021474227763932914,3.694163465518621e-07,0.0091939917721769
2022-11-26,0.2561370085928042,0.47768774856980123,0.47768774856980123,0.10900760339435689,0.5101599903129582,0.3624644166301991,0.2227574507243798,0.08375231444585376,0.31183520868764447,0.0010605659141932702,0.01577921589959944,0.00021474227763932914,0.05287066618068064
2022-11-27,0.3240558829949792,0.6904142028140946,0.47768774856980123,0.10270661030466993,0.515043933776347,0.3624644166301991,0.2227574507243798,0.028118427867564327,0.34515640353343857,0.08375231444585376,0.0010605659141932702,0.01577921589959944,0.06762096960620768
2022-11-28,0.2988430473695699,0.3308957333332726,0.6904142028140946,0.09640561721498303,0.519927877239736,0.3624644166301991,0.2227574507243798,0.0005116012761832945,0.29569558842750715,0.028118427867564327,0.08375231444585376,0.0010605659141932702,0.06788818507026308
2022-11-29,0.2961855679887625,0.3308957333332726,0.3308957333332726,0.0901046241252963,0.5248118207031249,0.3624644166301991,0.2227574507243798,5.1240567929296e-06,0.441341198217682,0.0005116012761832945,0.028118427867564327,0.08375231444585376,0.06789067928192372
2022-11-30,0.28802915050459255,0.5588998875654614,0.3308957333332726,0.08380363103560934,0.5296957641665139,0.3438800441366341,0.19403792053998326,0.00572633693542226,0.1801786213962958,5.1240567929296e-06,0.0005116012761832945,0.028118427867564327,0.07078197754499034
2022-12-01,0.281903514516481,0.08786511939287965,0.5588998875654614,0.06964806740360785,0.5182582625402647,0.3438800441366341,0.19403792053998326,0.00028084207643442634,0.2283480969884252,0.00572633693542226,5.1240567929296e-06,0.0005116012761832945,0.06265176766970541
2022-12-02,0.28491595721458174,0.5342028456370137,0.08786511939287965,0.05549250377160636,0.5068207609140157,0.3438800441366341,0.19403792053998326,0.0014358288012833178,0.4050407036564353,0.00028084207643442634,0.00572633693542226,5.1240567929296e-06,0.06284862484099697
2022-12-03,0.28569410737444956,0.5375759855546903,0.5342028456370137,0.04133694013960476,0.49538325928776666,0.3438800441366341,0.19403792053998326,0.00011018730714003631,0.2909228329075709,0.0014358288012833178,0.00028084207643442634,0.00572633693542226,0.01897124416789772
2022-12-04,0.2812255222979827,0.5375759855546903,0.5375759855546903,0.027181376507603272,0.48394575766151754,0.3438800441366341,0.19403792053998326,0.004573571540092705,0.24018963846786864,0.00011018730714003631,0.0014358288012833178,0.00028084207643442634,0.006619972633870245
2022-12-05,0.28127046496398167,0.41102787322789436,0.5375759855546903,0.013025812875601506,0.47250825603526847,0.32186532921183675,0.15741499787792962,0.0004298136816941304,0.38863400611416377,0.004573571540092705,0.00011018730714003631,0.0014358288012833178,0.006577068112661852
2022-12-06,0.28459447123494275,0.27246745824129043,0.41102787322789436,0.014285422226335887,0.478570548431543,0.32186532921183675,0.15741499787792962,0.004165770664505051,0.37288208410421225,0.0004298136816941304,0.004573571540092705,0.00011018730714003631,0.00875967969007984
2022-12-07,0.2844546947220561,0.27246745824129043,0.27246745824129043,0.0155450315770701,0.48463284082781777,0.32186532921183675,0.15741499787792962,0.0009441689429117514,0.2849253047589212,0.004165770664505051,0.0004298136816941304,0.004573571540092705,0.006251027499753427
2022-12-08,0.3273401996388243,0.7051135126908507,0.27246745824129043,0.016804640927804537,0.4906951332240925,0.32186532921183675,0.15741499787792962,0.1614833919683874,0.37050090855318774,0.0009441689429117514,0.004165770664505051,0.0004298136816941304,0.0908154197390045
2022-12-09,0.3273401996388243,0.7051135126908507,0.7051135126908507,0.018064250278538918,0.496757425620367,0.32186532921183675,0.15741499787792962,0.00855441567779918,0.3328133110547399,0.1614833919683874,0.0009441689429117514,0.004165770664505051,0.09454972154265683
2022-12-10,0.36451475775227193,0.8039810347310273,0.7051135126908507,0.019323859629273077,0.5028197180166418,0.32186532921183675,0.15741499787792962,0.18369510226239133,0.35542903213017163,0.00855441567779918,0.1614833919683874,0.0009441689429117514,0.1908555601779078
2022-12-11,0.34752237502728667,0.7066594279362385,0.8039810347310273,0.02058346898000729,0.5088820104129165,0.32186532921183675,0.15741499787792962,0.011547485815861555,0.28421982105776267,0.18369510226239133,0.00855441567779918,0.1614833919683874,0.19451396894783302
2022-12-12,0.33507967692643537,0.7066594279362385,0.7066594279362385,0.021843078330741672,0.5149443028091911,0.32186532921183675,0.15741499787792962,0.005841639072009715,0.36683262553499385,0.011547485815861555,0.18369510226239133,0.00855441567779918,0.1973529297790589
2022-12-13,0.37882558393363897,0.9206714886732595,0.7066594279362385,0.023102687681475886,0.5210065952054658,0.32186532921183675,0.15741499787792962,0.22824707994965387,0.4595109022181047,0.005841639072009715,0.011547485815861555,0.18369510226239133,0.3149025575273491
2022-12-14,0.36185694535399837,0.30012331255587776,0.9206714886732595,0.024362297032210267,0.5270688876017404,0.32186532921183675,0.15741499787792962,0.017928183959668165,0.2591586951026589,0.22824707994965387,0.005841639072009715,0.011547485815861555,0.3238121120513747
2022-12-15,0.3416284654005677,0.30012331255587776,0.30012331255587776,0.02562190638294448,0.5331311799980152,0.3193021325319396,0.13629855235423965,1.0943999135953249e-06,0.21687912839395435,0.017928183959668165,0.22824707994965387,0.005841639072009715,0.23910096845948575
2022-12-16,0.33115040384195593,0.6088463389588925,0.30012331255587776,0.04314609101458067,0.5229639703260114,0.3193021325319396,0.13629855235423965,1.1981995393173297e-05,0.1985243143683407,1.0943999135953249e-06,0.017928183959668165,0.22824707994965387,0.2346197383977966
2022-12-17,0.32300080040748,0.0785764298683627,0.6088463389588925,0.060670275646216576,0.5127967606540079,0.3193021325319396,0.13629855235423965,1.202008359963741e-05,0.17798377812220043,1.1981995393173297e-05,1.0943999135953249e-06,0.017928183959668165,0.1382624027384472
2022-12-18,0.3171796550971403,0.49977502093893833,0.0785764298683627,0.07819446027785248,0.5026295509820042,0.3193021325319396,0.13629855235423965,2.2953541001408814e-05,0.17830587201053597,1.202008359963741e-05,1.1981995393173297e-05,1.0943999135953249e-06,0.1322168093634144
2022-12-19,0.31780334923753406,0.5256035675746187,0.49977502093893833,0.0957186449094885,0.49246234131000055,0.3193021325319396,0.13629855235423965,0.007506435655838117,0.30125695604469604,2.2953541001408814e-05,1.202008359963741e-05,1.1981995393173297e-05,0.1330901361898684
2022-12-20,0.3175765513683,0.5256035675746187,0.5256035675746187,0.11324282954112441,0.48229513163799703,0.3193021325319396,0.13629855235423965,0.0006042261205080196,0.23930414764250985,0.007506435655838117,2.2953541001408814e-05,1.202008359963741e-05,0.013672176644109716
2022-12-21,0.31056849720896873,0.5167551451496257,0.5256035675746187,0.13076701417276032,0.4721279219659933,0.3193021325319396,0.13629855235423965,3.3271187839159056e-05,0.15950638752576038,0.0006042261205080196,0.007506435655838117,2.2953541001408814e-05,0.004284779089056078
2022-12-22,0.31094271369320503,0.5167551451496257,0.5167551451496257,0.14829119880439628,0.46196071229398966,0.3193021325319396,0.13629855235423965,0.024043003686675318,0.0,3.3271187839159056e-05,0.0006042261205080196,0.007506435655838117,0.016896797003592184
2023-01-18,0.3538528705522813,0.5167551451496257,0.4163912213114347,0.012567814025000235,0.5077749586491004,0.3193021325319396,0.13629855235423965,0.06985007713430652,0.4317483554793898,5.575912775207463e-06,2.1603927173749116e-05,2.1757000495361146e-05,0.03842662512424304
2023-01-19,0.33900895001091447,0.6110893437785264,0.4163912213114347,0.017776448751993856,0.5108983698116243,0.23472973696915111,0.012599496939311061,0.005769547121596119,0.2783909483703306,0.06985007713430652,5.575912775207463e-06,2.1603927173749116e-05,0.03982477968615173
2023-01-20,0.326697227679546,0.5133231535401005,0.6110893437785264,0.016591352168527695,0.5096819866174023,0.23472973696915111,0.012599496939311061,1.425309435115347e-05,0.234936324122216,0.005769547121596119,0.06985007713430652,5.575912775207463e-06,0.03969019616718515
2023-01-21,0.32492905479153034,0.5133231535401005,0.5133231535401005,0.015406255585061535,0.5084656034231805,0.23472973696915111,0.012599496939311061,0.03903034950262678,0.2778462213285525,1.425309435115347e-05,0.005769547121596119,0.06985007713430652,0.0601641613526817
2023-01-22,0.32263697882558406,0.5060302336248229,0.5133231535401005,0.014221159001595152,0.5072492202289587,0.23472973696915111,0.012599496939311061,0.040816878026660924,0.22965338545014774,0.03903034950262678,1.425309435115347e-05,0.005769547121596119,0.08156465792185287
2023-01-23,0.3163064833005894,0.1847078610109804,0.5060302336248229,0.01303606241812899,0.5060328370347367,0.23472973696915111,0.012599496939311061,0.0018608353378339263,0.1745406185953532,0.040816878026660924,0.03903034950262678,1.425309435115347e-05,0.0825294905906541
2023-01-24,0.3232918576729973,0.1847078610109804,0.1847078610109804,0.011850965834662552,0.5048164538405149,0.23472973696915111,0.012599496939311061,0.024980541426531833,0.1805434635390467,0.0018608353378339263,0.040816878026660924,0.03903034950262678,0.09563097553169667
2023-01-25,0.36272245774882506,0.5873284504828902,0.1847078610109804,0.010665869251196392,0.5036000706462931,0.23472973696915111,0.012599496939311061,0.10337101127977262,0.18170356377285674,0.024980541426531833,0.0018608353378339263,0.040816878026660924,0.11321554491476944
2023-01-26,0.3616320374670079,0.5873284504828902,0.5873284504828902,0.009480772667730009,0.5023836874520712,0.23472973696915111,0.012599496939311061,0.005032784584972497,0.17362150056914916,0.10337101127977262,0.024980541426531833,0.0018608353378339263,0.11282905055611334
2023-01-27,0.34774066797642433,0.5733865344880358,0.5873284504828902,0.008295676084263848,0.5011673042578493,0.23472973696915111,0.012599496939311061,3.99890263426607e-06,0.26855917069608737,0.005032784584972497,0.10337101127977262,0.024980541426531833,0.1128236713639664
2023-01-28,0.343906304869831,0.5121677844303202,0.5733865344880358,0.007110579500797687,0.49995092106362743,0.23472973696915111,0.012599496939311061,1.7806780001695955e-05,0.35854143505951225,3.99890263426607e-06,0.005032784584972497,0.10337101127977262,0.09235828811005489
2023-01-29,0.34424798079022056,0.5121677844303202,0.5121677844303202,0.005925482917331304,0.4987345378694056,0.23472973696915111,0.012599496939311061,0.0002718199457597787,0.1594689560663915,1.7806780001695955e-05,3.99890263426607e-06,0.005032784584972497,0.07108897073750323
2023-02-02,0.32329185767299695,0.36889163899035826,0.5121677844303202,0.001185096583466383,0.4938690050925182,0.23472973696915111,0.012599496939311061,0.00712344903701284,0.1384954829777392,0.00013333939864205747,0.0008261812889490591,0.001627988233257251,0.0052356416430121115
2023-02-03,0.32212762861092914,0.36889163899035826,0.36889163899035826,0.0,0.49265262189829634,0.23966512107070992,0.01012274965980775,0.000705367786363839,0.15783019149705532,0.00712344903701284,0.00013333939864205747,0.0008261812889490591,0.005603569032671065
2023-02-04,0.320781488757913,0.4821758333745081,0.36889163899035826,0.011588822897431739,0.48730107371754977,0.23966512107070992,0.01012274965980775,0.0,0.2731566858735892,0.000705367786363839,0.00712344903701284,0.00013333939864205747,0.005594227868219319
2023-02-05,0.321370879720585,0.49359302008973904,0.4821758333745081,0.023177645794863255,0.4819495255368032,0.23966512107070992,0.01012274965980775,1.4059482926964555e-05,0.30464326558774013,0.0,0.000705367786363839,0.00712344903701284,0.005459010671609372
2023-02-06,0.32174396221547497,0.49359302008973904,0.49359302008973904,0.03476646869229483,0.4765979773560567,0.23966512107070992,0.01012274965980775,4.0317664200197645e-06,0.42585601737064255,1.4059482926964555e-05,0.0,0.000705367786363839,0.004607107945919626
2023-02-07,0.3341441357158449,0.6548293488738877,0.49359302008973904,0.04635529158972651,0.4712464291753101,0.23966512107070992,0.01012274965980775,0.13696383867077183,0.348700062709154,4.0317664200197645e-06,1.4059482926964555e-05,0.0,0.07602284091717532
2023-02-08,0.34512115258677145,0.2988060390385519,0.6548293488738877,0.05794411448715803,0.46589488099456355,0.23966512107070992,0.01012274965980775,0.04916378098127976,0.2588420249563943,0.13696383867077183,4.0317664200197645e-06,1.4059482926964555e-05,0.10174346069916322
2023-02-09,0.38739294014920966,0.2988060390385519,0.2988060390385519,0.06953293738458982,0.460543332813817,0.23966512107070992,0.01012274965980775,0.1345649502982122,0.244588125228552,0.04916378098127976,0.13696383867077183,4.0317664200197645e-06,0.16859732316867398
2023-02-10,0.36981944054635596,0.5882558834208581,0.2988060390385519,0.08112176028202128,0.4551917846330704,0.23966512107070992,0.01012274965980775,0.011935974005075609,0.22581727199065818,0.1345649502982122,0.04916378098127976,0.13696383867077183,0.17448872742996055
2023-02-11,0.3518154696936623,0.5882558834208581,0.5882558834208581,0.0927105831794528,0.449840236452324,0.23966512107070992,0.01012274965980775,0.0003556342807335253,0.18252283911049622,0.011935974005075609,0.1345649502982122,0.04916378098127976,0.17467528773455765
2023-02-12,0.347343771705265,0.5514780583731171,0.5882558834208581,0.10429940607688454,0.4444886882715775,0.23966512107070992,0.01012274965980775,5.3941094363976105e-06,0.293298981948335,0.0003556342807335253,0.011935974005075609,0.1345649502982122,0.17467074201215285
2023-02-13,0.34543866960369907,0.5764268178693078,0.5514780583731171,0.115888228974316,0.43913714009083094,0.21663651379890603,0.027286121423554577,4.668310408643021e-06,0.3396829310941071,5.3941094363976105e-06,0.0003556342807335253,0.011935974005075609,0.17467107593339398
2023-02-14,0.3786291202794151,0.5764268178693078,0.5764268178693078,0.1100353502509368,0.4479678072200428,0.21663651379890603,0.027286121423554577,0.16789008797684757,0.4343462362629413,4.668310408643021e-06,5.3941094363976105e-06,0.0003556342807335253,0.19089451333286905
2023-02-15,0.3842891446034865,0.5920474181943326,0.5764268178693078,0.10418247152755727,0.45679847434925475,0.21663651379890603,0.027286121423554577,0.013216908368210876,0.3584398659403746,0.16789008797684757,4.668310408643021e-06,5.3941094363976105e-06,0.17203733373202892
2023-02-16,0.36843997585936783,0.20727987127499775,0.5920474181943326,0.0983295928041778,0.46562914147846657,0.21663651379890603,0.027286121423554577,0.04986326638724128,0.1888380610412387,0.013216908368210876,0.16789008797684757,4.668310408643021e-06,0.12760412578107974
2023-02-17,0.35501709961434913,0.20727987127499775,0.20727987127499775,0.09247671408079827,0.4744598086076784,0.21663651379890603,0.027286121423554577,0.0023137360905016702,0.15547339986813433,0.04986326638724128,0.013216908368210876,0.16789008797684757,0.12255644693373642
2023-02-18,0.34896310849159584,0.526648703896283,0.20727987127499775,0.0866238353574188,0.4832904757368904,0.21663651379890603,0.027286121423554577,1.7219269346644715e-05,0.23484679418266277,0.0023137360905016702,0.04986326638724128,0.013216908368210876,0.12237891959448681
2023-02-19,0.34686749617987345,0.526648703896283,0.526648703896283,0.08077095663403955,0.49212114286610226,0.21663651379890603,0.027286121423554577,1.3493520231224477e-05,0.37753432560312816,1.7219269346644715e-05,0.0023137360905016702,0.04986326638724128,0.12238316842151727
2023-02-20,0.3473040820781488,0.5361622998510717,0.526648703896283,0.07491807791066007,0.5009518099953141,0.21663651379890603,0.027286121423554577,1.4740358452403825e-06,0.4816634662768911,1.3493520231224477e-05,1.7219269346644715e-05,0.0023137360905016702,0.12238149275393459
2023-02-21,0.34392054136651395,0.5719496899381185,0.5361622998510717,0.06906519918728055,0.509782477124526,0.21663651379890603,0.027286121423554577,1.4533816495938631e-05,0.4145313967060163,1.4740358452403825e-06,1.3493520231224477e-05,1.7219269346644715e-05,0.034316544532502796
2023-02-22,0.35142317511840027,0.5719496899381185,0.5719496899381185,0.06321232046390107,0.5186131442537378,0.21663651379890603,0.027286121423554577,0.009094708960159957,0.5862098073020837,1.4533816495938631e-05,1.4740358452403825e-06,1.3493520231224477e-05,0.03215410176801506
2023-02-23,0.3525828024845705,0.6047402506081844,0.5719496899381185,0.057359441740521655,0.5274438113829497,0.24015284110862634,0.0,0.0007795243607315938,0.2040150511134217,0.009094708960159957,1.4533816495938631e-05,1.4740358452403825e-06,0.006405521388349639
2023-02-24,0.34686749617987345,0.15435815143349646,0.6047402506081844,0.058710409823569565,0.5297204502485133,0.24015284110862634,0.0,0.0047003268453435325,0.1001868135385468,0.0007795243607315938,0.009094708960159957,1.4533816495938631e-05,0.007657490397787076
2023-02-25,0.33900895001091447,0.15435815143349646,0.15435815143349646,0.06006137790661731,0.531997089114077,0.24015284110862634,0.0,0.0020015457158371166,0.13800345026386596,0.0047003268453435325,0.0007795243607315938,0.009094708960159957,0.00869843770329937
2023-02-26,0.34286928847987685,0.43836738932297103,0.15435815143349646,0.06141234598966522,0.5342737279796407,0.24015284110862634,0.0,0.006819559286107025,0.3131293746585821,0.0020015457158371166,0.0047003268453435325,0.0007795243607315938,0.012268795712012174
2023-02-27,0.3481772538746999,0.43836738932297103,0.43836738932297103,0.0627633140727129,0.5365503668452043,0.24015284110862634,0.0,0.1332349694337092,0.5137911781383786,0.006819559286107025,0.0020015457158371166,0.0047003268453435325,0.08216104972277731
2023-02-28,0.3459149451290905,0.514131222962021,0.43836738932297103,0.06411428215576065,0.5388270057107679,0.25172578731692397,0.017774952187495974,0.006730099135417306,0.449401138664994,0.1332349694337092,0.006819559286107025,0.0020015457158371166,0.08568393258113294
2023-03-01,0.34424798079022023,0.5418108586725389,0.514131222962021,0.0661885439264473,0.540919965510493,0.25172578731692397,0.017774952187495974,1.129580516034056e-05,0.4518876875936798,0.006730099135417306,0.1332349694337092,0.006819559286107025,0.0809189129618688
2023-03-02,0.34031870770574113,0.5418108586725389,0.5418108586725389,0.06826280569713394,0.543012925310218,0.25172578731692397,0.017774952187495974,0.00449403441078316,0.35203211955333163,1.129580516034056e-05,0.006730099135417306,0.1332349694337092,0.08286748812435685
2023-03-03,0.3382449246889325,0.4503174370196109,0.5418108586725389,0.07033706746782059,0.5451058851099432,0.25172578731692397,0.017774952187495974,0.1276930811981617,0.32827871128527275,0.00449403441078316,1.129580516034056e-05,0.006730099135417306,0.14738760600492867
2023-03-04,0.3351669941060904,0.2897596873339934,0.4503174370196109,0.07241132923850724,0.5471988449096683,0.25172578731692397,0.017774952187495974,0.006629182957632394,0.3843995913706898,0.1276930811981617,0.00449403441078316,1.129580516034056e-05,0.14981519372682536
2023-03-05,0.33388898811295664,0.2897596873339934,0.2897596873339934,0.07448559100919389,0.5492918047093934,0.25172578731692397,0.017774952187495974,4.802412505173724e-06,0.49603277712476435,0.006629182957632394,0.1276930811981617,0.00449403441078316,0.1462402764959214
2023-03-06,0.3357345557738486,0.4991053235484856,0.2897596873339934,0.07655985277988053,0.5513847645091184,0.25172578731692397,0.017774952187495974,2.115191137019503e-05,0.5519575010849398,4.802412505173724e-06,0.006629182957632394,0.1276930811981617,0.07635834519770296
2023-03-07,0.3325693080113513,0.161734908032507,0.4991053235484856,0.0786341145505669,0.5534777243088436,0.25172578731692397,0.017774952187495974,0.0016572617314249633,0.39313319113962264,2.115191137019503e-05,4.802412505173724e-06,0.006629182957632394,0.07369721227961525
2023-03-08,0.32918576729971627,0.42433798435321135,0.161734908032507,0.08070837632125355,0.5555706841085686,0.25172578731692397,0.017774952187495974,0.011256823476080514,0.37296179019544884,0.0016572617314249633,2.115191137019503e-05,4.802412505173724e-06,0.07959644410652146
2023-03-09,0.3291003483196189,0.3392110872603126,0.42433798435321135,0.0827826380919402,0.5576636439082937,0.25172578731692397,0.017774952187495974,0.051690094496154255,0.37939891645856016,0.011256823476080514,0.0016572617314249633,2.115191137019503e-05,0.10435477541009976
2023-03-10,0.3266598060311222,0.3392110872603126,0.3392110872603126,0.08485689986262684,0.5597566037080187,0.25172578731692397,0.017774952187495974,0.0038494609297009667,0.32802642324912296,0.051690094496154255,0.011256823476080514,0.0016572617314249633,0.039388306283337116
2023-03-11,0.3260361118907288,0.3706303371050226,0.3392110872603126,0.08693116163331349,0.561849563507744,0.25172578731692397,0.017774952187495974,0.0015527645739567806,0.4651107554867836,0.0038494609297009667,0.051690094496154255,0.011256823476080514,0.036725294838075115
2023-03-12,0.3260205195372189,0.20131692488953223,0.3706303371050226,0.08900542340399992,0.5639425233074689,0.25172578731692397,0.017774952187495974,0.0030281380403694913,0.33213286823599253,0.0015527645739567806,0.0038494609297009667,0.051690094496154255,0.03831129046951509
2023-03-13,0.31848941279196674,0.20131692488953223,0.20131692488953223,0.09107968517468656,0.566035483107194,0.25172578731692397,0.017774952187495974,0.00035097513916034943,0.24056282247870758,0.0030281380403694913,0.0015527645739567806,0.0038494609297009667,0.038484310690492705
2023-03-14,0.3157749874244278,0.3545279248683863,0.20131692488953223,0.09315394694537321,0.568128442906919,0.25172578731692397,0.017774952187495974,1.246232245600603e-05,0.25493242361136825,0.00035097513916034943,0.0030281380403694913,0.0015527645739567806,0.037621474076132914
2023-03-15,0.31488757913119403,0.08374836469181553,0.3545279248683863,0.09522820871605986,0.5702214027066441,0.25172578731692397,0.017774952187495974,1.2371469988364173e-05,0.37514482346216144,1.246232245600603e-05,0.00035097513916034943,0.0030281380403694913,0.03172280652654425
2023-03-16,0.3166806997848254,0.3958113906204475,0.08374836469181553,0.0973024704867465,0.5723143625063694,0.25172578731692397,0.017774952187495974,0.037587892449608994,0.4891693294566573,1.2371469988364173e-05,1.246232245600603e-05,0.00035097513916034943,0.024325007012203234
2023-03-17,0.3109801353416285,0.425459320749793,0.3958113906204475,0.09937673225743315,0.5744073223060943,0.25172578731692397,0.017774952187495974,0.007226921633276242,0.2531679810074312,0.037587892449608994,1.2371469988364173e-05,1.246232245600603e-05,0.02609677124236728
2023-03-18,0.30532946642966285,0.425459320749793,0.425459320749793,0.1014509940281198,0.5765002821058195,0.25172578731692397,0.017774952187495974,8.71164917027114e-05,0.23948962434322113,0.007226921633276242,0.037587892449608994,1.2371469988364173e-05,0.025327914674059197
2023-03-19,0.30019249469151243,0.3803153417250674,0.425459320749793,0.10352525579880617,0.5785932419055445,0.25172578731692397,0.017774952187495974,1.0547343978955104e-05,0.17617924566136922,8.71164917027114e-05,0.007226921633276242,0.037587892449608994,0.02374493274580732
2023-03-20,0.2982193532291765,0.09152212119094823,0.3803153417250674,0.10559951756949287,0.5806862017052696,0.25172578731692397,0.017774952187495974,0.0004488884110538214,0.30023802588622317,1.0547343978955104e-05,8.71164917027114e-05,0.007226921633276242,0.02379629655075567
2023-03-21,0.31848941279196674,0.09152212119094823,0.09152212119094823,0.10767377934017952,0.5827791615049948,0.25172578731692397,0.017774952187495974,0.07429310233528921,0.399279360377334,0.0004488884110538214,1.0547343978955104e-05,8.71164917027114e-05,0.06276278425233389
2023-03-22,0.3492250600305611,0.45078472277315007,0.09152212119094823,0.10974804111086617,0.5848721213047198,0.25172578731692397,0.017774952187495974,0.005511692783113945,0.5861291845220462,0.07429310233528921,0.0004488884110538214,1.0547343978955104e-05,0.06564764410650199
2023-03-23,0.35085913867839214,0.08162383106709016,0.45078472277315007,0.11182230288155282,0.5869650811044449,0.25172578731692397,0.017774952187495974,0.014829720350284955,0.6039582469640613,0.005511692783113945,0.07429310233528921,0.0004488884110538214,0.053709055087001065
2023-03-24,0.34184675834970524,0.5254682252846916,0.08162383106709016,0.11389656465223946,0.5890580409041699,0.25172578731692397,0.017774952187495974,0.10310883783555504,0.3752123528704935,0.014829720350284955,0.005511692783113945,0.07429310233528921,0.10400724190734031
2023-03-25,0.3362439059885032,0.490578219740057,0.5254682252846916,0.11597082642292583,0.591151000703895,0.2740278035994267,0.04418187398539791,0.004770071955730733,0.3710581789533909,0.10310883783555504,0.014829720350284955,0.005511692783113945,0.1064638487225826
2023-03-26,0.33388898811295664,0.490578219740057,0.490578219740057,0.11527141023181647,0.5908690536947121,0.2740278035994267,0.04418187398539791,0.0015147727907970049,0.3714033122869242,0.004770071955730733,0.10310883783555504,0.014829720350284955,0.1072529423863382
2023-03-27,0.3299095807626464,0.41945611615481226,0.490578219740057,0.11457199404070684,0.5905871066855293,0.2740278035994267,0.04418187398539791,0.00025142077610024974,0.3184996584952272,0.0015147727907970049,0.004770071955730733,0.10310883783555504,0.10714935388511435
2023-03-28,0.3262388124863568,0.13571027901450156,0.41945611615481226,0.11387257784959726,0.5903051596763463,0.2740278035994267,0.04418187398539791,0.0,0.32946773305074917,0.00025142077610024974,0.0015147727907970049,0.004770071955730733,0.06817632863977463
2023-03-29,0.322917641188761,0.13571027901450156,0.13571027901450156,0.11317316165848768,0.5900232126671634,0.2740278035994267,0.04418187398539791,8.683815392507472e-06,0.35722076150408344,0.0,0.00025142077610024974,0.0015147727907970049,0.0652895342984046
2023-03-30,0.3238872020797364,0.3792485406762206,0.13571027901450156,0.11247374546737804,0.5897412656579805,0.2740278035994267,0.04418187398539791,0.0008828065960573098,0.476659262112878,8.683815392507472e-06,0.0,0.00025142077610024974,0.05797319664723208
2023-03-31,0.32695917921851103,0.08119723930780885,0.3792485406762206,0.1117743292762684,0.5894593186487975,0.2740278035994267,0.04418187398539791,0.035306305108089436,0.6143716025698769,0.0008828065960573098,8.683815392507472e-06,0.0,0.022405024951293685
2023-04-01,0.3236192970967038,0.43690850651609214,0.08119723930780885,0.11107491308515882,0.5891773716396146,0.2740278035994267,0.04418187398539791,0.0019374947328575113,0.46930104694264085,0.035306305108089436,0.0008828065960573098,8.683815392507472e-06,0.020919098261650317
2023-04-02,0.31881685221567335,0.3857131375548936,0.43690850651609214,0.11037549689404919,0.5888954246304318,0.2740278035994267,0.04418187398539791,1.306399603107612e-05,0.5175708694021739,0.0019374947328575113,0.035306305108089436,0.0008828065960573098,0.020131324795071563
2023-04-03,0.32089063523248196,0.3857131375548936,0.3857131375548936,0.10967608070293977,0.5886134776212488,0.2740278035994267,0.04418187398539791,0.0015044779325076069,0.621609517613144,1.306399603107612e-05,0.0019374947328575113,0.035306305108089436,0.020788659415049066
2023-04-04,0.3213272211307575,0.4342647872502001,0.3857131375548936,0.10897666451183019,0.5883315306120659,0.2740278035994267,0.04418187398539791,0.0004646575564191693,0.7245479406471502,0.0015044779325076069,1.306399603107612e-05,0.0019374947328575113,0.02103241166266736
2023-04-05,0.3199083169613621,0.08710326390528435,0.4342647872502001,0.10827724832072061,0.588049583602883,0.2740278035994267,0.04418187398539791,0.0841624254566352,0.47053628510182893,0.0004646575564191693,0.0015044779325076069,1.306399603107612e-05,0.0651781774791539
2023-04-06,0.31088362687990434,0.08710326390528435,0.08710326390528435,0.10757783212961103,0.5877676365937,0.2740278035994267,0.04418187398539791,0.004968691513419443,0.3807487559960042,0.0841624254566352,0.0004646575564191693,0.0015044779325076069,0.06732157021722063
2023-04-07,0.30607789939813523,0.29337072421758953,0.08710326390528435,0.10687841593850134,0.5874856895845172,0.2740278035994267,0.04418187398539791,8.357889010015812e-06,0.41452085478480616,0.004968691513419443,0.0841624254566352,0.0004646575564191693,0.04880480695339324
2023-04-08,0.30257387231846944,0.025841132514067777,0.29337072421758953,0.10617899974739176,0.5872037425753343,0.2740278035994267,0.04418187398539791,9.871751405381913e-06,0.4585626640443256,8.357889010015812e-06,0.004968691513419443,0.0841624254566352,0.04779360541841648
2023-04-09,0.29947808140342524,0.2798352501256048,0.025841132514067777,0.10547958355628212,0.5869217955661513,0.2740278035994267,0.04418187398539791,1.1975237594924573e-05,0.5063292701866147,9.871751405381913e-06,8.357889010015812e-06,0.004968691513419443,0.047793034272392364
2023-04-10,0.2988430473695699,0.27202511597632734,0.2798352501256048,0.10478016736517276,0.5866398485569684,0.2740278035994267,0.04418187398539791,0.0017789172434253939,0.5586466862120006,1.1975237594924573e-05,9.871751405381913e-06,8.357889010015812e-06,0.04793700093762114
2023-04-11,0.30577384850469336,0.27202511597632734,0.27202511597632734,0.10408075117406312,0.5863579015477854,0.2740278035994267,0.04418187398539791,0.03539594204571098,0.5491861522239673,0.0017789172434253939,1.1975237594924573e-05,9.871751405381913e-06,0.0662614185411469
2023-04-12,0.3116748763797538,0.37089566775804467,0.27202511597632734,0.10338133498295354,0.5860759545386026,0.2740278035994267,0.04418187398539791,0.0013483294970676547,0.5846486709960352,0.03539594204571098,0.0017789172434253939,1.1975237594924573e-05,0.02281841036070722
2023-04-13,0.3100851342501637,0.09675106080900873,0.37089566775804467,0.10268191879184396,0.5857940075294197,0.2740278035994267,0.04418187398539791,0.0,0.60003112158479,0.0013483294970676547,0.03539594204571098,0.0017789172434253939,0.02021191078400533
2023-04-14,0.30932110892818154,0.09675106080900873,0.09675106080900873,0.10198250260073427,0.5855120605202367,0.29996059117762586,0.07009671223092034,0.0020568107559104038,0.6309326093936309,0.0,0.0013483294970676547,0.03539594204571098,0.02128649782891429
2023-04-15,0.30604671469111533,0.26698595023765737,0.09675106080900873,0.12177876936765802,0.5954460568686648,0.29996059117762586,0.07009671223092034,0.0007064508563588742,0.5746305763230138,0.0020568107559104038,0.0,0.0013483294970676547,0.021651912573882257
2023-04-16,0.29414974896310864,0.1833092202567938,0.26698595023765737,0.14157503613458167,0.6053800532170928,0.29996059117762586,0.07009671223092034,1.3339474891254942e-05,0.4503809720461107,0.0007064508563588742,0.0020568107559104038,0.0,0.02165262823190324
2023-04-17,0.2885105144437168,0.23356314891331165,0.1833092202567938,0.16137130290150514,0.6153140495655208,0.29996059117762586,0.07009671223092034,1.384256445977351e-05,0.5169735091450793,1.3339474891254942e-05,0.0007064508563588742,0.0020568107559104038,0.020726697050394868
2023-04-18,0.287819253438114,0.22319653545319507,0.23356314891331165,0.18116756966842884,0.6252480459139487,0.29996059117762586,0.07009671223092034,2.2579729216896433e-05,0.6408800579163986,1.384256445977351e-05,1.3339474891254942e-05,0.0007064508563588742,0.002170372179863329
2023-04-19,0.28618205631958094,0.22319653545319507,0.22319653545319507,0.20096383643535226,0.6351820422623767,0.29996059117762586,0.07009671223092034,0.0006378742348578851,0.6747864974489697,2.2579729216896433e-05,1.384256445977351e-05,1.3339474891254942e-05,0.001797678215020866
2023-04-20,0.3242444087237799,0.46722816769802045,0.22319653545319507,0.22076010320227596,0.6451160386108048,0.29996059117762586,0.07009671223092034,0.01767509636207793,0.6482746197975905,0.0006378742348578851,2.2579729216896433e-05,1.384256445977351e-05,0.011069763443394354
2023-04-21,0.3346430910281598,0.03865307942411429,0.46722816769802045,0.24055636996919966,0.6550500349592328,0.29996059117762586,0.07009671223092034,0.0015148983557240108,0.5316079875067548,0.01767509636207793,0.0006378742348578851,2.2579729216896433e-05,0.010785484486272449
2023-04-22,0.32296441824929056,0.03865307942411429,0.03865307942411429,0.2603526367361231,0.6649840313076608,0.29996059117762586,0.07009671223092034,3.8004348150578236e-05,0.42679513449085155,0.0015148983557240108,0.01767509636207793,0.0006378742348578851,0.010434827671296687
2023-04-23,0.31292768808784877,0.2680135306597083,0.03865307942411429,0.2801489035030468,0.6749180276560888,0.29996059117762586,0.07009671223092034,0.001293025517430296,0.3876299874268497,3.8004348150578236e-05,0.0015148983557240108,0.01767509636207793,0.011106131397676317
2023-04-24,0.3061459387589053,0.0018658953802438705,0.2680135306597083,0.2999451702699705,0.6848520240045168,0.29996059117762586,0.07009671223092034,0.0013458245497295505,0.4498882823719297,0.001293025517430296,3.8004348150578236e-05,0.0015148983557240108,0.011804868775797606
2023-04-25,0.35276140580659254,0.5257372912355036,0.0018658953802438705,0.31974143703689395,0.6947860203529449,0.29996059117762586,0.07009671223092034,0.03937469528870036,0.4190142341145279,0.0013458245497295505,0.001293025517430296,3.8004348150578236e-05,0.032448386746493266
2023-04-26,0.5663610565378737,0.734846483099884,0.5257372912355036,0.3395377038038176,0.7047200167013727,0.29996059117762586,0.07009671223092034,0.13331954006102822,0.39568186101271396,0.03937469528870036,0.0013458245497295505,0.001293025517430296,0.1020511594036372
2023-04-27,0.541475660336171,0.734846483099884,0.734846483099884,0.35933397057074107,0.7146540130498008,0.29996059117762586,0.07009671223092034,0.11245599213861208,0.43457244450270605,0.13331954006102822,0.03937469528870036,0.0013458245497295505,0.15177176774765266
2023-04-28,0.4683475223750274,0.7617710906171002,0.734846483099884,0.37913023733766477,0.7245880093982288,0.29996059117762586,0.07009671223092034,0.02680808500606198,0.4357311238688733,0.11245599213861208,0.13331954006102822,0.03937469528870036,0.16504018663006728
2023-04-29,0.4645273957651166,0.7617710906171002,0.7617710906171002,0.3989265041045882,0.7345220057466568,0.35474854255971267,0.14256914613524097,0.024837279238452054,0.4371116266467082,0.02680808500606198,0.11245599213861208,0.13331954006102822,0.1780495069570601
2023-04-30,0.4405151713599652,0.7617710906171002,0.7617710906171002,0.40139731537807954,0.7389440795381762,0.35474854255971267,0.14256914613524097,0.0010362788816376668,0.500929499526874,0.024837279238452054,0.02680808500606198,0.11245599213861208,0.17791482159860994
2023-05-01,0.4210870988867059,0.6734950469640031,0.7617710906171002,0.40386812665157074,0.7433661533296954,0.35474854255971267,0.14256914613524097,1.1648178253755324e-05,0.4582435188382986,0.0010362788816376668,0.024837279238452054,0.02680808500606198,0.17721493307904596
2023-05-02,0.41115476970093856,0.6734950469640031,0.6734950469640031,0.40633893792506204,0.7477882271212145,0.35474854255971267,0.14256914613524097,6.603261085539374e-06,0.505650462129563,1.1648178253755324e-05,0.0010362788816376668,0.024837279238452054,0.1565630340975129
2023-05-03,0.40100414756603353,0.5983855959944661,0.6734950469640031,0.40880974919855334,0.7522103009127338,0.35474854255971267,0.14256914613524097,3.694163948125421e-07,0.5299410500349373,6.603261085539374e-06,1.1648178253755324e-05,0.0010362788816376668,0.08662583616261095
2023-05-04,0.3935821872953503,0.5861304159716854,0.5983855959944661,0.4112805604720448,0.7566323747042532,0.35474854255971267,0.14256914613524097,0.04031690767502176,0.529948903002332,3.694163948125421e-07,6.603261085539374e-06,1.1648178253755324e-05,0.04878277574918482
2023-05-05,0.3907443789565598,0.5861304159716854,0.5861304159716854,0.4137513717455361,0.7610544484957723,0.35474854255971267,0.14256914613524097,0.19951778895852704,0.6228039325644,0.04031690767502176,3.694163948125421e-07,6.603261085539374e-06,0.13938364501800432
2023-05-06,0.3936258458851779,0.5427153402807522,0.5861304159716854,0.4162221830190274,0.7654765222872915,0.35474854255971267,0.14256914613524097,0.009695614941973416,0.7704575950073461,0.19951778895852704,0.04031690767502176,3.694163948125421e-07,0.13144055950489855
2023-05-07,0.393800480244488,0.23334125147292656,0.5427153402807522,0.41869299429251866,0.7698985960788107,0.35474854255971267,0.14256914613524097,0.0009347665356449294,0.7564667544090639,0.009695614941973416,0.19951778895852704,0.04031690767502176,0.13138730768072202
2023-05-08,0.3837590045841519,0.7652641750971475,0.23334125147292656,0.42116380556600996,0.7743206698703301,0.35474854255971267,0.14256914613524097,6.177857283927317e-05,0.7470724511868944,0.0009347665356449294,0.009695614941973416,0.19951778895852704,0.13141360531902666
2023-05-09,0.3737175289238156,0.39481643179909665,0.7652641750971475,0.4236346168395015,0.7787427436618493,0.42484082782525845,0.2231196572458355,0.0011399768567037652,0.7536591046715765,6.177857283927317e-05,0.0009347665356449294,0.009695614941973416,0.1320081557734562
2023-05-10,0.3640034926871861,0.022452055325819856,0.39481643179909665,0.4308028362910702,0.7818590091924338,0.42484082782525845,0.2231196572458355,0.0026292990294586715,0.7178793351836706,0.0011399768567037652,6.177857283927317e-05,0.0009347665356449294,0.133387252041583
2023-05-11,0.3531979917048681,0.3631814062520462,0.022452055325819856,0.43797105574263917,0.7849752747230182,0.42484082782525845,0.2231196572458355,0.008787538952932234,0.6618541574090656,0.0026292990294586715,0.0011399768567037652,6.177857283927317e-05,0.11684742742058396
2023-05-12,0.3452302990613404,0.35712578297807784,0.3631814062520462,0.4451392751942079,0.7880915402536027,0.42484082782525845,0.2231196572458355,0.006668836819391428,0.7162187075864335,0.008787538952932234,0.0026292990294586715,0.0011399768567037652,0.01568181656298235
2023-05-13,0.48624754420432215,0.35712578297807784,0.35712578297807784,0.45230749464577685,0.7912078057841871,0.42484082782525845,0.2231196572458355,0.03270254422400499,0.7230312943042386,0.006668836819391428,0.008787538952932234,0.0026292990294586715,0.02775089979603578
2023-05-14,0.5866623008076838,0.818196665047277,0.35712578297807784,0.45947571409734583,0.7943240713147717,0.42484082782525845,0.2231196572458355,0.09766025798532826,0.6497314827525389,0.03270254422400499,0.006668836819391428,0.008787538952932234,0.07849161328951172
2023-05-15,0.5921908070195421,0.44533720597940674,0.818196665047277,0.46664393354891454,0.7974403368453562,0.42484082782525845,0.2231196572458355,0.21126625748415587,0.6168177713568826,0.09766025798532826,0.03270254422400499,0.006668836819391428,0.18928625276211458
2023-05-16,0.5798952193844139,0.8980692017454883,0.44533720597940674,0.4738121530004835,0.8005566023759405,0.42484082782525845,0.2231196572458355,0.019352666771898824,0.5771700640299493,0.21126625748415587,0.09766025798532826,0.03270254422400499,0.19884035134648997
2023-05-17,0.5197555118969658,0.7474043882568961,0.8980692017454883,0.4809803724520523,0.803672867906525,0.42484082782525845,0.2231196572458355,3.651529522256004e-05,0.6015847257645242,0.019352666771898824,0.21126625748415587,0.09766025798532826,0.19748021665358065
2023-05-18,0.48744815542457964,0.27084550893422027,0.7474043882568961,0.4881485919036212,0.8067891334371095,0.42484082782525845,0.2231196572458355,0.002077213423552285,0.6205693202744906,3.651529522256004e-05,0.019352666771898824,0.21126625748415587,0.193960082508681
2023-05-19,0.5780397293167432,0.9797619905601139,0.27084550893422027,0.4953168113551902,0.809905398967694,0.42484082782525845,0.2231196572458355,0.27444174561311346,0.6149513318457003,0.002077213423552285,3.651529522256004e-05,0.019352666771898824,0.3344296551392308
2023-05-20,0.6411263916175507,0.7838006318837261,0.9797619905601139,0.5024850308067589,0.8130216644982785,0.42484082782525845,0.2231196572458355,0.02819011742937098,0.5314645868220027,0.27444174561311346,0.002077213423552285,3.651529522256004e-05,0.33206250505588464
2023-05-21,0.5498799388779744,0.7838006318837261,0.7838006318837261,0.5096532502583279,0.8161379300288629,0.42484082782525845,0.2231196572458355,0.0,0.5610039209071749,0.02819011742937098,0.27444174561311346,0.002077213423552285,0.28083142733414207
2023-05-22,0.5024012224405153,0.6215858625951204,0.7838006318837261,0.5168214697098966,0.8192541955594475,0.42484082782525845,0.2231196572458355,6.914665953366179e-05,0.6096051722026656,0.0,0.02819011742937098,0.27444174561311346,0.17004065304713134
2023-05-23,0.4775158262388123,0.6215858625951204,0.6215858625951204,0.5239896891614656,0.8223704610900319,0.42484082782525845,0.2231196572458355,0.00897281268111624,0.6335269609253005,6.914665953366179e-05,0.0,0.02819011742937098,0.16459554034074142
2023-05-24,0.4802444881030341,0.6763104654183122,0.6215858625951204,0.5311579086130345,0.8254867266206164,0.42484082782525845,0.2231196572458355,0.007289228184733242,0.6521175167542066,0.00897281268111624,6.914665953366179e-05,0.0,0.16840020259948568
2023-05-25,0.46354507749399687,0.5191897707458908,0.6763104654183122,0.5383261280646032,0.8286029921512009,0.42484082782525845,0.2231196572458355,0.011036490159134008,0.6566885090690702,0.007289228184733242,0.00897281268111624,6.914665953366179e-05,0.1731001021516673
2023-05-26,0.4491377428509058,0.40264312576857664,0.5191897707458908,0.5454943475161722,0.8317192576817852,0.42484082782525845,0.2231196572458355,0.0005169401020514744,0.6795376802257936,0.011036490159134008,0.007289228184733242,0.00897281268111624,0.02940333859039602
2023-05-27,0.42687186203885596,0.5043592689100852,0.40264312576857664,0.552662566967741,0.8348355232123698,0.42484082782525845,0.2231196572458355,7.866443239680214e-05,0.6817262900160443,0.0005169401020514744,0.011036490159134008,0.007289228184733242,0.014656500285141257
2023-05-28,0.40373280943025536,0.4624174776741772,0.5043592689100852,0.55983078641931,0.8379517887429542,0.42484082782525845,0.2231196572458355,0.000979747427179545,0.6738502067858962,7.866443239680214e-05,0.0005169401020514744,0.011036490159134008,0.015170460801168703
2023-05-29,0.3799388779742412,0.4624174776741772,0.4624174776741772,0.5669990058708789,0.8410680542735387,0.42484082782525845,0.2231196572458355,0.02781120326993173,0.6718856968511668,0.000979747427179545,7.866443239680214e-05,0.0005169401020514744,0.029723519411579177
2023-05-30,0.35166994106090377,0.4526563974891412,0.4624174776741772,0.5741672253224477,0.8441843198041232,0.42484082782525845,0.2231196572458355,0.011209311956046995,0.6990934024150023,0.02781120326993173,0.000979747427179545,7.866443239680214e-05,0.030896752726156454
2023-05-31,0.31816197336826013,0.3789077985111477,0.4526563974891412,0.5813354447740167,0.8473005853347076,0.42484082782525845,0.2231196572458355,0.002719800658259849,0.720312884221517,0.011209311956046995,0.02781120326993173,0.000979747427179545,0.028499700930657432
2023-06-01,0.2881466928618206,0.45829532754297164,0.3789077985111477,0.5885036642255853,0.8504168508652922,0.42484082782525845,0.2231196572458355,0.004889080374345122,0.7347390450531921,0.002719800658259849,0.011209311956046995,0.02781120326993173,0.025274863776128968
2023-06-02,0.26227897838899805,0.42520681461918386,0.45829532754297164,0.5956718836771543,0.8535331163958766,0.42484082782525845,0.2231196572458355,0.0006726980978907595,0.7420435880941375,0.004889080374345122,0.002719800658259849,0.011209311956046995,0.02535657203858129
2023-06-03,0.22964418249290555,0.5134276173682963,0.42520681461918386,0.6028401031287233,0.8566493819264611,0.42484082782525845,0.2231196572458355,0.008456273417635472,0.7263883309182402,0.0006726980978907595,0.004889080374345122,0.002719800658259849,0.029751337584967723
2023-06-04,0.21021611001964632,0.395812801732946,0.5134276173682963,0.610008322580292,0.8597656474570456,0.42484082782525845,0.2231196572458355,0.06707316508427139,0.6884610651328019,0.008456273417635472,0.0006726980978907595,0.004889080374345122,0.064422933654218
2023-06-05,0.18893254747871643,0.3752253759364523,0.395812801732946,0.6171765420318609,0.86288191298763,0.42484082782525845,0.2231196572458355,0.007308886423180515,0.7161139147783455,0.06707316508427139,0.008456273417635472,0.0006726980978907595,0.053667731799134796
2023-06-06,0.16683534758190963,0.3752253759364523,0.3752253759364523,0.6243447614834297,0.8659981785182146,0.42484082782525845,0.2231196572458355,0.00278903802006487,0.7363177206716304,0.007308886423180515,0.06707316508427139,0.008456273417635472,0.04925058487210668
2023-06-07,0.29864459923399034,0.38920157366435776,0.3752253759364523,0.6315129809349986,0.8691144440487991,0.42484082782525845,0.2231196572458355,0.002219010750246288,0.7213629359647811,0.00278903802006487,0.007308886423180515,0.06707316508427139,0.048987878145450664
2023-06-08,0.2615149530670159,0.4280152605176183,0.38920157366435776,0.6386812003865676,0.8722307095793834,0.5309490633425757,0.32252428420113877,0.005946881241601194,0.7454613706193448,0.002219010750246288,0.00278903802006487,0.007308886423180515,0.049542784302391854
2023-06-09,0.22254966164592874,0.3690644587681127,0.4280152605176183,0.6418507257114469,0.8173359592995646,0.5309490633425757,0.32252428420113877,0.0006819891354761995,0.7670970138633139,0.005946881241601194,0.002219010750246288,0.00278903802006487,0.049547658238611916
2023-06-10,0.22080331805282702,0.8932578891720132,0.3690644587681127,0.6450202510363263,0.7624412090197458,0.5309490633425757,0.32252428420113877,0.027523595771391737,0.7620681354924114,0.0006819891354761995,0.005946881241601194,0.002219010750246288,0.05955008392949595
2023-06-11,0.2573673870333988,0.8932578891720132,0.8932578891720132,0.6481897763612057,0.7075464587399268,0.5309490633425757,0.32252428420113877,0.0031255890948152214,0.7589142065603908,0.027523595771391737,0.0006819891354761995,0.005946881241601194,0.02600416358055468
2023-06-12,0.23477406679764248,0.5017470091522473,0.8932578891720132,0.6513593016860851,0.6526517084601079,0.5309490633425757,0.32252428420113877,0.003499937318648301,0.6539154490556701,0.0031255890948152214,0.027523595771391737,0.0006819891354761995,0.02400604713443831
2023-06-13,0.23608382449246892,0.5915392931849557,0.5017470091522473,0.6545288270109646,0.5977569581802891,0.5481758347978676,0.4360709522284068,0.010781401602909869,0.6578719848673013,0.003499937318648301,0.0031255890948152214,0.027523595771391737,0.028198718834677637
2023-06-14,0.22353197991704857,0.5915392931849557,0.5915392931849557,0.665412734643932,0.6557678479746619,0.5481758347978676,0.4360709522284068,0.2848642648896804,0.6834065500317675,0.010781401602909869,0.003499937318648301,0.0031255890948152214,0.17647009637572889
2023-06-15,0.1925343811394892,0.5915392931849557,0.5915392931849557,0.6762966422768997,0.7137787377690348,0.5481758347978676,0.4360709522284068,0.015468617145070723,0.7327752073569175,0.2848642648896804,0.010781401602909869,0.003499937318648301,0.18146505340512603
2023-06-16,0.16863130320890632,0.5724869087669493,0.5915392931849557,0.6871805499098673,0.7717896275634077,0.5481758347978676,0.4360709522284068,0.4143247197065596,0.7062752619380958,0.015468617145070723,0.2848642648896804,0.010781401602909869,0.3984557036049719
2023-06-17,0.1559703121589173,0.5724869087669493,0.5724869087669493,0.6980644575428349,0.8298005173577807,0.5481758347978676,0.4360709522284068,0.025783392289838062,0.7503491094712058,0.4143247197065596,0.015468617145070723,0.2848642648896804,0.3975428194732454
2023-06-18,0.3908039133972335,0.7828085367906807,0.5724869087669493,0.7089483651758024,0.8878114071521536,0.6336772637471406,0.5586806562141283,0.6285667596493612,0.7149407058946843,0.025783392289838062,0.4143247197065596,0.015468617145070723,0.7256396920400926
2023-06-19,0.4157389216328312,0.7828085367906807,0.7828085367906807,0.7103437054544908,0.8926342064785626,0.6336772637471406,0.5586806562141283,0.0338184551199913,0.7513206926531145,0.6285667596493612,0.025783392289838062,0.4143247197065596,0.7415443227868391
2023-06-20,0.37186203885614477,0.47432021159880944,0.7828085367906807,0.7117390457331791,0.8974570058049715,0.6336772637471406,0.5586806562141283,8.884931579276485e-05,0.7987195538047828,0.0338184551199913,0.6285667596493612,0.025783392289838062,0.7359351733890627
2023-06-21,0.36520410390744384,0.43305820305738707,0.47432021159880944,0.7131343860118675,0.9022798051313804,0.6336772637471406,0.5586806562141283,3.447635648611452e-05,0.8102495585952465,8.884931579276485e-05,0.0338184551199913,0.6285667596493612,0.5865178225153446
2023-06-22,0.41170050207378306,0.43305820305738707,0.43305820305738707,0.7145297262905559,0.9071026044577895,0.6336772637471406,0.5586806562141283,4.731890959012836e-05,0.7744880006581826,3.447635648611452e-05,8.884931579276485e-05,0.0338184551199913,0.5784280453145637
2023-06-23,0.38092119624536136,0.509396608503169,0.43305820305738707,0.7159250665692445,0.9119254037841983,0.6336772637471406,0.5586806562141283,0.0034641854076298403,0.7847904063627985,4.731890959012836e-05,3.447635648611452e-05,8.884931579276485e-05,0.36289689272814096
2023-06-24,0.3597467801790001,0.3840422558467736,0.509396608503169,0.7173204068479329,0.9167482031106072,0.6336772637471406,0.5586806562141283,0.00022417747446697593,0.8241760629178525,0.0034641854076298403,4.731890959012836e-05,3.447635648611452e-05,0.3494889195389885
2023-06-25,0.3156516044531762,0.3840422558467736,0.3840422558467736,0.7187157471266212,0.9215710024370163,0.6336772637471406,0.5586806562141283,0.000705348390637818,0.8531418706547519,0.00022417747446697593,0.0034641854076298403,4.731890959012836e-05,0.020122425713925023
2023-06-26,0.2609692206941715,0.3950701000223518,0.3840422558467736,0.7201110874053096,0.9263938017634252,0.6336772637471406,0.5586806562141283,6.843682217386476e-05,0.7962806879718899,0.000705348390637818,0.00022417747446697593,0.0034641854076298403,0.0024176822881449792
2023-06-27,0.29163938004802437,0.23836391964635711,0.3950701000223518,0.721506427683998,0.9312166010898341,0.6336772637471406,0.5586806562141283,4.396325091135685e-05,0.7981469135890177,6.843682217386476e-05,0.000705348390637818,0.00022417747446697593,0.0023941357449963007
2023-06-28,0.39958524339663837,0.5639787719706327,0.23836391964635711,0.7229017679626866,0.936039400416243,0.718175169331573,0.6740834009534332,1.6641451212750254e-05,0.8658722335955302,4.396325091135685e-05,6.843682217386476e-05,0.000705348390637818,0.002384779826457186
2023-06-29,0.36083824492468897,0.5073931192784966,0.5639787719706327,0.7222223637917895,0.9263346656891125,0.718175169331573,0.6740834009534332,1.2393162032952253e-05,0.9232083680242761,1.6641451212750254e-05,4.396325091135685e-05,6.843682217386476e-05,0.0023664583134435676
2023-06-30,0.3133595284872299,0.5073931192784966,0.5073931192784966,0.7215429596208924,0.9166299309619819,0.718175169331573,0.6740834009534332,2.0156404041941893e-05,0.9073047951303658,1.2393162032952253e-05,1.6641451212750254e-05,4.396325091135685e-05,0.0005597733711894224
2023-07-01,0.2664265444226154,0.5073931192784966,0.5073931192784966,0.720863555449995,0.9069251962348512,0.718175169331573,0.6740834009534332,0.04912894000956908,0.8310569887857648,2.0156404041941893e-05,1.2393162032952253e-05,1.6641451212750254e-05,0.026214463846977287
2023-07-02,0.22713381357782134,0.15512013143101816,0.5073931192784966,0.7201841512790979,0.8972204615077206,0.718175169331573,0.6740834009534332,0.0035289592809810946,0.7941676744514176,0.04912894000956908,2.0156404041941893e-05,1.2393162032952253e-05,0.02769568693570667
2023-07-03,0.2803972931674308,0.15512013143101816,0.15512013143101816,0.7195047471082009,0.88751572678059,0.718175169331573,0.6740834009534332,0.03664197070648049,0.7858339190592822,0.0035289592809810946,0.04912894000956908,2.0156404041941893e-05,0.0468816034552718
2023-07-04,0.4929054791530234,0.6666711559412329,0.15512013143101816,0.7188253429373037,0.8778109920534595,0.718175169331573,0.6740834009534332,0.014241569650367039,0.7906884279421111,0.03664197070648049,0.0035289592809810946,0.04912894000956908,0.05432945063403411
2023-07-05,0.48604348775186745,0.6666711559412329,0.6666711559412329,0.7181459387664066,0.868106257326329,0.718175169331573,0.6740834009534332,0.0018397773360373326,0.8268450329179138,0.014241569650367039,0.03664197070648049,0.0035289592809810946,0.055285839836147196
2023-07-06,0.5014189041693954,0.6666711559412329,0.6666711559412329,0.7174665345955096,0.8584015225991983,0.718175169331573,0.6740834009534332,0.14691284945985286,0.7304842339838998,0.0018397773360373326,0.014241569650367039,0.03664197070648049,0.1323475725123368
2023-07-07,0.5175725824055882,0.9792041030835111,0.6666711559412329,0.7167871304246125,0.8486967878720678,0.718175169331573,0.6740834009534332,0.014703613459798754,0.7670784814713903,0.14691284945985286,0.0018397773360373326,0.014241569650367039,0.1400502895147879
2023-07-08,0.5049115913555992,0.9792041030835111,0.9792041030835111,0.7161077262537153,0.8389920531449372,0.718175169331573,0.6740834009534332,0.04928769890796784,0.7707976865524733,0.014703613459798754,0.14691284945985286,0.0018397773360373326,0.14013357200482707
2023-07-09,0.5318707705741105,0.920897349679633,0.9792041030835111,0.7154283220828181,0.8292873184178066,0.718175169331573,0.6740834009534332,0.27207908869386577,0.6891528137800942,0.04928769890796784,0.014703613459798754,0.14691284945985286,0.28101086268536646
2023-07-10,0.49869024230517345,0.920897349679633,0.920897349679633,0.7147489179119211,0.8195825836906759,0.718175169331573,0.6740834009534332,0.022528760004567328,0.7334494930825517,0.27207908869386577,0.04928769890796784,0.014703613459798754,0.27360728819878605
2023-07-11,0.5351153975908396,0.920897349679633,0.920897349679633,0.714069513741024,0.8098778489635453,0.718175169331573,0.6740834009534332,0.6340965594612904,0.8040319487436521,0.022528760004567328,0.27207908869386577,0.04928769890796784,0.5987737357826559
2023-07-12,0.5365640689805721,0.6989405595629654,0.920897349679633,0.7133901095701269,0.8001731142364148,0.718175169331573,0.6740834009534332,0.041462188042069005,0.842823422896122,0.6340965594612904,0.022528760004567328,0.27207908869386577,0.6195590464533329
2023-07-13,0.4858109583060466,0.2537249375266258,0.6989405595629654,0.7127107053992299,0.7904683795092842,0.7683896146574047,0.7902081625512598,5.7283243801577356e-05,0.8809913653262318,0.041462188042069005,0.6340965594612904,0.022528760004567328,0.5425208624274895
2023-07-14,0.4544859201047805,0.5946912619701509,0.2537249375266258,0.7463911512473499,0.7711674784841411,0.7683896146574047,0.7902081625512598,0.0018049655060931923,0.8612940299954326,5.7283243801577356e-05,0.041462188042069005,0.6340965594612904,0.535754428983079
2023-07-15,0.43440296878410833,0.5735763706223892,0.5946912619701509,0.7800715970954702,0.7518665774589981,0.7683896146574047,0.7902081625512598,0.3348192256871914,0.779868887528625,0.0018049655060931923,5.7283243801577356e-05,0.041462188042069005,0.6855399010082694
2023-07-16,0.4131194062431782,0.5735763706223892,0.5735763706223892,0.8137520429435905,0.7325656764338552,0.7683896146574047,0.7902081625512598,0.01633111614418759,0.789753665093705,0.3348192256871914,0.0018049655060931923,5.7283243801577356e-05,0.5513784260218009
2023-07-17,0.38354071163501424,0.5735763706223892,0.5735763706223892,0.8474324887917107,0.7132647754087122,0.7683896146574047,0.7902081625512598,1.0247509784425011e-05,0.8326194542905734,0.01633111614418759,0.3348192256871914,0.0018049655060931923,0.539565558765485
2023-07-18,0.3555992141453831,0.3271684041784785,0.5735763706223892,0.8811129346398311,0.6939638743835692,0.7584528433497657,0.8818918019100379,1.8526737909640277e-05,0.9033485037690806,1.0247509784425011e-05,0.01633111614418759,0.3348192256871914,0.2069379203971584
2023-07-19,0.31139489194499015,0.3271684041784785,0.3271684041784785,0.8696547512943273,0.7551710995068553,0.7584528433497657,0.8818918019100379,0.0011182983380008395,0.9209270809962548,1.8526737909640277e-05,1.0247509784425011e-05,0.01633111614418759,0.18577413287842132
2023-07-20,0.28214363676053256,0.30057291789987717,0.3271684041784785,0.8581965679488238,0.8163783246301415,0.7584528433497657,0.8818918019100379,0.00152255294396965,0.873604748081313,0.0011182983380008395,1.8526737909640277e-05,1.0247509784425011e-05,0.18654279095327406
2023-07-21,0.4076620825147348,0.30057291789987717,0.30057291789987717,0.8467383846033203,0.8775855497534276,0.7584528433497657,0.8818918019100379,0.021490808603714148,0.7738440267755633,0.00152255294396965,0.0011182983380008395,1.8526737909640277e-05,0.19686968316672457
2023-07-22,0.4863566906788911,0.617115292186718,0.30057291789987717,0.8352802012578169,0.9387927748767138,0.7584528433497657,0.8818918019100379,0.0020889766413622534,0.734867977333036,0.021490808603714148,0.00152255294396965,0.0011182983380008395,0.022324483298395682
2023-07-23,0.4464090809866842,0.5066269681984427,0.617115292186718,0.8238220179123132,0.9999999999999999,0.8126610300313841,0.9579840248188383,1.489447164688805e-05,0.7854173298337216,0.0020889766413622534,0.021490808603714148,0.00152255294396965,0.013765242949504793
2023-07-24,0.40493342065051285,0.5066269681984427,0.5066269681984427,0.8168246141634378,0.9890664806973974,0.8126610300313841,0.9579840248188383,1.1300094367495723e-05,0.8473489780027545,1.489447164688805e-05,0.0020889766413622534,0.021490808603714148,0.013765795119278825
2023-07-25,0.36487666448373723,0.38056975700788037,0.5066269681984427,0.8098272104145626,0.978132961394795,0.8126610300313841,0.9579840248188383,1.7636889715241614e-05,0.9048649362179393,1.1300094367495723e-05,1.489447164688805e-05,0.0020889766413622534,0.013765328318525399
2023-07-26,0.3194717310630868,0.26663155348399653,0.38056975700788037,0.802829806665687,0.9671994420921924,0.8126610300313841,0.9579840248188383,5.820517366008666e-06,0.9205708098937921,1.7636889715241614e-05,1.1300094367495723e-05,1.489447164688805e-05,0.013181739468071819
2023-07-27,0.274939969438987,0.26663155348399653,0.26663155348399653,0.795832402916812,0.95626592278959,0.8126610300313841,0.9579840248188383,4.713942996081662e-06,0.9046619965955711,5.820517366008666e-06,1.7636889715241614e-05,1.1300094367495723e-05,0.01238550434201213
2023-07-28,0.23848504693298414,0.2969993585041079,0.26663155348399653,0.7888349991679365,0.9453324034869875,0.83057099753107,0.9865344896681709,3.744769313025295e-07,0.9074162339322601,4.713942996081662e-06,5.820517366008666e-06,1.7636889715241614e-05,0.0011119512741039298
2023-07-29,0.208033180528269,0.11638708550671471,0.2969993585041079,0.7640487556166234,0.9340378570763465,0.83057099753107,0.9865344896681709,0.00011607735122162894,0.9103474227638122,3.744769313025295e-07,4.713942996081662e-06,5.820517366008666e-06,7.699848004567614e-05
2023-07-30,0.18751364330932127,0.277001155182345,0.11638708550671471,0.7392625120653105,0.9227433106657055,0.83057099753107,0.9865344896681709,2.8111882537392723e-05,0.9050286262814836,0.00011607735122162894,3.744769313025295e-07,4.713942996081662e-06,8.393213165156772e-05
2023-07-31,0.17157825802226587,0.25159332758775377,0.277001155182345,0.7144762685139973,0.9114487642550643,0.83057099753107,0.9865344896681709,1.556609439343674e-05,0.9103178595499838,2.8111882537392723e-05,0.00011607735122162894,3.744769313025295e-07,8.617001002091193e-05
2023-08-01,0.16273739358218733,0.25159332758775377,0.25159332758775377,0.6896900249626843,0.9001542178444232,0.83057099753107,0.9865344896681709,2.3230992568164e-05,0.9334019780463745,1.556609439343674e-05,2.8111882537392723e-05,0.00011607735122162894,8.910459082126614e-05
2023-08-02,0.15160445317616242,0.2574074846112476,0.25159332758775377,0.6649037814113714,0.8888596714337822,0.9018913713110555,0.9885071988059098,1.5257567886378789e-05,0.9605756438994016,2.3230992568164e-05,1.556609439343674e-05,2.8111882537392723e-05,9.40551231938688e-05
2023-08-03,0.1413446845666884,0.1349651701119981,0.2574074846112476,0.6858013823032969,0.8908142296745062,0.9018913713110555,0.9885071988059098,8.330087478230385e-05,0.9623220430121084,1.5257567886378789e-05,2.3230992568164e-05,1.556609439343674e-05,0.00013528062569927987
2023-08-04,0.1337044313468673,0.1349651701119981,0.1349651701119981,0.7066989831952227,0.8927687879152301,0.9018913713110555,0.9885071988059098,0.0026617946874098147,0.9545034056134813,8.330087478230385e-05,1.5257567886378789e-05,2.3230992568164e-05,0.0015314209643181409
2023-08-05,0.13064833005893908,0.25987763703982714,0.1349651701119981,0.7275965840871483,0.8947233461559542,0.9018913713110555,0.9885071988059098,0.003225854046156221,0.8970788412717446,0.0026617946874098147,8.330087478230385e-05,1.5257567886378789e-05,0.003162762257512276
2023-08-06,0.21927526740886263,0.4411279819063837,0.25987763703982714,0.7484941849790738,0.896677904396678,0.9018913713110555,0.9885071988059098,0.010254590291339006,0.8220744774510984,0.003225854046156221,0.0026617946874098147,8.330087478230385e-05,0.008527416426864848
2023-08-07,0.35363457760314343,0.8757512124828506,0.4411279819063837,0.7693917858709998,0.898632462637402,0.904542537675245,1.0,0.2270474136822203,0.7645380312412127,0.010254590291339006,0.003225854046156221,0.0026617946874098147,0.12762485144316563
2023-08-08,0.4595066579349487,0.8301895441585766,0.8757512124828506,0.7427381970392486,0.8991819494642311,0.904542537675245,1.0,0.5716667199765869,0.7648057502055102,0.2270474136822203,0.010254590291339006,0.003225854046156221,0.42750028304061377
2023-08-09,0.4482645710543549,0.8301895441585766,0.8301895441585766,0.7160846082074976,0.8997314362910601,0.904542537675245,1.0,0.036270583159767694,0.8409926120230009,0.5716667199765869,0.2270474136822203,0.010254590291339006,0.4465192723566546
2023-08-10,0.42054136651386165,0.5291950563997802,0.8301895441585766,0.6894310193757467,0.9002809231178892,0.904542537675245,1.0,0.00022488798287041765,0.7958599278122852,0.036270583159767694,0.5716667199765869,0.2270474136822203,0.44659354678812246
2023-08-11,0.3984937786509496,0.334963514129978,0.5291950563997802,0.6627774305439957,0.9008304099447182,0.904542537675245,1.0,0.0008461407499420388,0.8552729429446015,0.00022488798287041765,0.036270583159767694,0.5716667199765869,0.44564108250116374
2023-08-12,0.379283999126828,0.334963514129978,0.334963514129978,0.6361238417122449,0.9013798967715473,0.8960509343942549,0.9834999170635792,0.00013727615872832527,0.8982336858230954,0.0008461407499420388,0.00022488798287041765,0.036270583159767694,0.4440208617781728
2023-08-13,0.36553154333115045,0.40518951977538253,0.334963514129978,0.6631331995082701,0.9174655464102378,0.8960509343942549,0.9834999170635792,0.009482488926128853,0.8559895033021049,0.00013727615872832527,0.0008461407499420388,0.00022488798287041765,0.4436158292105126
2023-08-14,0.5826238812486356,0.19725144752646417,0.40518951977538253,0.6901425573042954,0.9335511960489284,0.8960509343942549,0.9834999170635792,0.7617301355307239,0.7495685184009622,0.009482488926128853,0.00013727615872832527,0.0008461407499420388,0.7241022076471623
2023-08-15,0.5134250163719711,0.6685583943980165,0.19725144752646417,0.7171519151003207,0.949636845687619,0.8960509343942549,0.9834999170635792,0.04461115864235094,0.7062587157052397,0.7617301355307239,0.009482488926128853,0.00013727615872832527,0.4476169209663971
2023-08-16,0.4719493560358001,0.5327035386073844,0.6685583943980165,0.7441612728963461,0.9657224953263096,0.8960509343942549,0.9834999170635792,0.0,0.7266330257154899,0.04461115864235094,0.7617301355307239,0.009482488926128853,0.42858992776359245
2023-08-17,0.4499017681728881,0.5327035386073844,0.5327035386073844,0.7711706306923716,0.9818081449650002,0.9429293143267465,0.9946155735153128,0.0,0.7928491245583765,0.0,0.04461115864235094,0.7617301355307239,0.4284719549672186
2023-08-18,0.4318925998690242,0.43377326356433454,0.5327035386073844,0.7506767343204443,0.9708274691383334,0.9429293143267465,0.9946155735153128,0.0,0.8028262126857055,0.0,0.0,0.04461115864235094,0.4280280824706875
2023-08-19,0.41737611875136416,0.16787953515215093,0.43377326356433454,0.7301828379485173,0.9598467933116666,0.9429293143267465,0.9946155735153128,0.0,0.8871450972465506,0.0,0.0,0.0,0.4279560694973222
2023-08-20,0.4024230517354289,0.16787953515215093,0.16787953515215093,0.7096889415765903,0.9488661174849996,0.9429293143267465,0.9946155735153128,4.432996496446508e-06,0.9181351677498495,0.0,0.0,0.0,0.4229840263141578
2023-08-21,0.3881248635669068,0.3205076626625175,0.16787953515215093,0.6891950452046632,0.9378854416583328,0.9429293143267465,0.9946155735153128,3.0240276063924906e-05,0.9160410685749669,4.432996496446508e-06,0.0,0.0,0.02340791071248448
2023-08-22,0.3748089936695044,0.09251093752259983,0.3205076626625175,0.6687011488327362,0.9269047658316659,1.0,0.9542272831524461,4.0810394643897894e-05,0.9092275957246552,3.0240276063924906e-05,4.432996496446508e-06,0.0,2.6987681270932603e-05
2023-08-23,0.3629120279414976,0.26813198110296244,0.09251093752259983,0.6671819991436994,0.9225643134870015,1.0,0.9542272831524461,1.9042022194924075e-05,0.9009730116886229,4.0810394643897894e-05,3.0240276063924906e-05,4.432996496446508e-06,3.697683488543425e-05
2023-08-24,0.3488321327221131,0.25146479184046605,0.26813198110296244,0.6656628494546628,0.9182238611423371,1.0,0.9542272831524461,5.507640900648721e-06,0.9082970038102943,1.9042022194924075e-05,4.0810394643897894e-05,3.0240276063924906e-05,3.9866059067978164e-05
2023-08-25,0.33442479807902215,0.25146479184046605,0.25146479184046605,0.6641436997656264,0.9138834087976726,1.0,0.9542272831524461,3.6758779764416514e-07,0.9170525888323012,5.507640900648721e-06,1.9042022194924075e-05,4.0810394643897894e-05,4.005889000472962e-05
2023-08-26,0.3201266099104998,0.24504261134336475,0.25146479184046605,0.6626245500765896,0.9095429564530082,1.0,0.9542272831524461,4.6144160533602535e-05,0.9017944565230931,3.6758779764416514e-07,5.507640900648721e-06,1.9042022194924075e-05,6.426541089121669e-05
2023-08-27,0.30735647238594177,0.09881470907975577,0.24504261134336475,0.661105400387553,0.9052025041083439,1.0,0.9542272831524461,0.05069615324041102,0.8050685862741291,4.6144160533602535e-05,3.6758779764416514e-07,5.507640900648721e-06,0.02665636657096575
2023-08-28,0.2914210870988867,0.09881470907975577,0.09881470907975577,0.6595862506985165,0.9008620517636795,1.0,0.9542272831524461,0.004026715031776159,0.7551562560993236,0.05069615324041102,4.6144160533602535e-05,3.6758779764416514e-07,0.028752856105671208
2023-08-29,0.2772320454049334,0.2021010261506332,0.09881470907975577,0.6580671010094797,0.8965215994190151,1.0,0.9542272831524461,2.6982581024796638e-05,0.7463323319272096,0.004026715031776159,0.05069615324041102,4.6144160533602535e-05,0.02874560224612941
2023-08-30,0.2662082514734774,0.2021010261506332,0.2021010261506332,0.6565479513204432,0.8921811470743506,1.0,0.9542272831524461,1.4518959765300337e-05,0.778269693359194,2.6982581024796638e-05,0.004026715031776159,0.05069615324041102,0.028743229516754606
2023-08-31,0.25452957869460824,0.21995940187838586,0.2021010261506332,0.6550288016314068,0.8878406947296862,1.0,0.9542272831524461,1.4579501262223152e-06,0.7693831135075399,1.4518959765300337e-05,2.6982581024796638e-05,0.004026715031776159,0.02874110511091037
2023-09-01,0.2475442043222004,0.19689223638898473,0.21995940187838586,0.6535096519423702,0.8835002423850218,0.9714574757290473,0.9218438385942996,2.0052075032753262e-05,0.7929531992935696,1.4579501262223152e-06,1.4518959765300337e-05,2.6982581024796638e-05,0.028751431291859083
2023-09-02,0.23761187513643303,0.19689223638898473,0.19689223638898473,0.6446670226308592,0.8341109160826261,0.9714574757290473,0.9218438385942996,2.1725851073730965e-06,0.8043603219502737,2.0052075032753262e-05,1.4579501262223152e-06,1.4518959765300337e-05,0.028728364475892377
2023-09-03,0.22811613184894117,0.19252799745767352,0.19689223638898473,0.6358243933193483,0.7847215897802302,0.9714574757290473,0.9218438385942996,7.236512827089899e-06,0.8155521449639452,2.1725851073730965e-06,2.0052075032753262e-05,1.4579501262223152e-06,0.002137733997607882
2023-09-04,0.22145819690023996,0.1027005186191212,0.19252799745767352,0.6269817640078377,0.7353322634778342,0.9714574757290473,0.9218438385942996,2.7660687500209336e-05,0.855835973206103,7.236512827089899e-06,2.1725851073730965e-06,2.0052075032753262e-05,3.989125019415992e-05
2023-09-05,0.21480026195153892,0.1027005186191212,0.1027005186191212,0.6181391346963268,0.6859429371754385,0.9714574757290473,0.9218438385942996,0.0015575937865194766,0.9033712987639297,2.7660687500209336e-05,7.236512827089899e-06,2.1725851073730965e-06,0.0008428264794073442
2023-09-06,0.20388561449465178,0.22186224557926987,0.1027005186191212,0.6092965053848161,0.6365536108730426,0.8958064498130431,0.8877061244807813,0.002407016902752425,0.8016637748954559,0.0015575937865194766,2.7660687500209336e-05,7.236512827089899e-06,0.0020978943094011678
2023-09-07,0.1955904824274177,0.10368547514305639,0.22186224557926987,0.6029766353829717,0.6461809868784576,0.8958064498130431,0.8877061244807813,9.398864903946724e-05,0.7963951671249728,0.002407016902752425,0.0015575937865194766,2.7660687500209336e-05,0.002146434498885244
2023-09-08,0.19187950229207598,0.18623551480050554,0.10368547514305639,0.5966567653811278,0.6558083628838726,0.8958064498130431,0.8877061244807813,0.00020617991425388656,0.8428914870395873,9.398864903946724e-05,0.002407016902752425,0.0015575937865194766,0.0022440743166988572
2023-09-09,0.18500327439423706,0.201737830695511,0.18623551480050554,0.5903368953792838,0.6654357388892876,0.8958064498130431,0.8877061244807813,4.02259067482836e-05,0.7855018943756028,0.00020617991425388656,9.398864903946724e-05,0.002407016902752425,0.002264036507243641
2023-09-10,0.17682677979936032,0.201737830695511,0.201737830695511,0.5840170253774399,0.6750631148947026,0.8958064498130431,0.8877061244807813,1.1656779893514433e-05,0.7553510066350708,4.02259067482836e-05,0.00020617991425388656,9.398864903946724e-05,0.0022663553117430613
2023-09-11,0.17463435931019436,0.3044329331328366,0.201737830695511,0.5776971553755956,0.6846904909001176,0.8958064498130431,0.8877061244807813,0.09165005123679999,0.6893836207420092,1.1656779893514433e-05,4.02259067482836e-05,0.00020617991425388656,0.0503300601197748
2023-09-12,0.37033398821218066,0.4697008933317445,0.3044329331328366,0.5713772853737517,0.6943178669055327,0.8958064498130431,0.8877061244807813,0.28441768078721574,0.6177503188740194,0.09165005123679999,1.1656779893514433e-05,4.02259067482836e-05,0.19871413569418736
2023-09-13,0.3654223968565815,0.4697008933317445,0.4697008933317445,0.5650574153719077,0.7039452429109476,0.8958064498130431,0.8877061244807813,0.014746056498337339,0.6439846078783458,0.28441768078721574,0.09165005123679999,1.1656779893514433e-05,0.20518700715258592
2023-09-14,0.35941934075529347,0.5430385680495204,0.4697008933317445,0.5587375453700638,0.7135726189163626,0.8958064498130431,0.8877061244807813,0.061282603501839776,0.6422587120384844,0.014746056498337339,0.28441768078721574,0.09165005123679999,0.23728561868482798
2023-09-15,0.3553809211962454,0.5430385680495204,0.5430385680495204,0.5524176753682195,0.7231999949217777,0.8958064498130431,0.8877061244807813,0.004922962313409283,0.6599375750204751,0.061282603501839776,0.014746056498337339,0.28441768078721574,0.23975997059288853
2023-09-16,0.35025103689150827,0.45270371126114894,0.5430385680495204,0.5460978053663756,0.7328273709271926,0.8958064498130431,0.8877061244807813,0.005836298584357406,0.659525584517066,0.004922962313409283,0.061282603501839776,0.014746056498337339,0.24280050167434508
2023-09-17,0.34337480899366934,0.4180860919320287,0.45270371126114894,0.5397779353645316,0.7424547469326077,0.8958064498130431,0.8877061244807813,0.0005683573025134779,0.659231495471596,0.005836298584357406,0.004922962313409283,0.061282603501839776,0.24309253825432586
2023-09-18,0.3361711416721239,0.4180860919320287,0.4180860919320287,0.5334580653626877,0.7520821229380227,0.8958064498130431,0.8877061244807813,1.4574236504632807e-06,0.7067589527838808,0.0005683573025134779,0.005836298584357406,0.004922962313409283,0.19501508761483166
2023-09-19,0.3320235756385068,0.36731488678654806,0.4180860919320287,0.5271381953608434,0.7617094989434376,0.8958064498130431,0.8877061244807813,0.011043820668530607,0.7443326364206734,1.4574236504632807e-06,0.0005683573025134779,0.005836298584357406,0.05160734158023468
2023-09-20,0.3265662519100634,0.3176565513626584,0.36731488678654806,0.5208183253589995,0.7713368749488527,0.8958064498130431,0.8877061244807813,0.39190793832528065,0.6875060587400436,0.011043820668530607,1.4574236504632807e-06,0.0005683573025134779,0.24946069646751878
2023-09-21,0.3296025083844337,0.3176565513626584,0.3176565513626584,0.5144984553571555,0.7809642509542677,0.8958064498130431,0.8877061244807813,0.05848771006631125,0.7214705705081504,0.39190793832528065,0.011043820668530607,1.4574236504632807e-06,0.24799453811638006
2023-09-22,0.32831259550316516,0.3531494754739208,0.3176565513626584,0.5081785853553116,0.7905916269596827,0.8958064498130431,0.8877061244807813,0.013339533030705107,0.7316332728395121,0.05848771006631125,0.39190793832528065,0.011043820668530607,0.2524097423915224
2023-09-23,0.3355921908070195,0.10818430930473698,0.3531494754739208,0.5018587153534674,0.8002190029650976,0.8958064498130431,0.8877061244807813,0.0012520383213292506,0.7722008926562771,0.013339533030705107,0.05848771006631125,0.39190793832528065,0.25000490956927895
2023-09-24,0.3296223531979916,0.3026113529105411,0.10818430930473698,0.4955388453516234,0.8098463789705127,0.8958064498130431,0.8877061244807813,0.06943539738319074,0.7553962299492473,0.0012520383213292506,0.013339533030705107,0.05848771006631125,0.28613150554212163
2023-09-25,0.320781488757913,0.3164671910429883,0.3026113529105411,0.48921897534977943,0.8194737549759277,0.8958064498130431,0.8877061244807813,0.004272983438792627,0.7114603593588168,0.06943539738319074,0.0012520383213292506,0.013339533030705107,0.2883722827608861
2023-09-26,0.3100851342501637,0.3164671910429883,0.3164671910429883,0.48289910534793545,0.8291011309813426,0.8811655644912253,0.8530994868296795,5.075582951453463e-06,0.7302666273407176,0.004272983438792627,0.06943539738319074,0.0012520383213292506,0.2825815259157141
2023-09-27,0.30222184258231066,0.2607261306844983,0.3164671910429883,0.4796177539587731,0.8107088774162571,0.8811655644912253,0.8530994868296795,3.6182568056633656e-07,0.7518587125884963,5.075582951453463e-06,0.004272983438792627,0.06943539738319074,0.07699280512401621
2023-09-28,0.2926216983191442,0.11135663546288825,0.2607261306844983,0.476336402569611,0.7923166238511714,0.8811655644912253,0.8530994868296795,0.0,0.7740729545254377,3.6182568056633656e-07,5.075582951453463e-06,0.004272983438792627,0.046311046935090465
2023-09-29,0.2833442479807903,0.11135663546288825,0.11135663546288825,0.4730550511804487,0.7739243702860856,0.8811655644912253,0.8530994868296795,6.512861930466425e-06,0.7921935851187191,0.0,3.6182568056633656e-07,5.075582951453463e-06,0.039316748469949446
2023-09-30,0.274939969438987,0.20455414147095902,0.11135663546288825,0.4697736997912866,0.7555321167210001,0.8811655644912253,0.8530994868296795,8.007386989200943e-06,0.7929784846263267,6.512861930466425e-06,0.0,3.6182568056633656e-07,0.038664148868021275
2023-10-01,0.2642436149312377,0.13379818007575972,0.20455414147095902,0.4664923484021245,0.7371398631559145,0.8415997616548514,0.7955057408670516,3.705730048420797e-06,0.7635686328342803,8.007386989200943e-06,6.512861930466425e-06,0.0,0.002241345316052421
2023-10-02,0.2547478716437459,0.23599142450333377,0.13379818007575972,0.45825611913720826,0.7298756176762108,0.8415997616548514,0.7955057408670516,3.7447692828623676e-07,0.7435278600442322,3.705730048420797e-06,8.007386989200943e-06,6.512861930466425e-06,0.0
2023-10-03,0.24688932547478717,0.20596844972420963,0.23599142450333377,0.450019889872292,0.7226113721965072,0.8415997616548514,0.7955057408670516,0.0009988969102363596,0.7431765390612943,3.7447692828623676e-07,3.705730048420797e-06,8.007386989200943e-06,0.0005213434687762912
2023-10-04,0.24175944117005024,0.20596844972420963,0.20596844972420963,0.4417836606073758,0.7153471267168034,0.8415997616548514,0.7955057408670516,0.0020261529751104696,0.7385240531120325,0.0009988969102363596,3.7447692828623676e-07,3.705730048420797e-06,0.001584042523288861
2023-10-05,0.23761187513643303,0.5265782312779768,0.20596844972420963,0.43354743134245954,0.7080828812370997,0.8415997616548514,0.7955057408670516,0.21696574791872528,0.6527956831290989,0.0020261529751104696,0.0009988969102363596,3.7447692828623676e-07,0.11540095560424904
2023-10-06,0.22975332896747427,0.3004902018054811,0.5265782312779768,0.4253112020775433,0.7008186357573961,0.8415997616548514,0.7955057408670516,0.011903822125597032,0.5882845796214136,0.21696574791872528,0.0020261529751104696,0.0009988969102363596,0.12164210208635313
2023-10-07,0.2233136869679109,0.3004902018054811,0.3004902018054811,0.41707497281262684,0.6935543902776924,0.8415997616548514,0.7955057408670516,0.0,0.45141745679512046,0.011903822125597032,0.21696574791872528,0.0020261529751104696,0.1216379015336037
2023-10-08,0.21752892381576058,0.35615315293685,0.3004902018054811,0.4088387435477106,0.6862901447979888,0.8415997616548514,0.7955057408670516,2.1863531253284278e-06,0.5134113481337332,0.0,0.011903822125597032,0.21696574791872528,0.12163710449170723
2023-10-09,0.2145819690024013,0.13618906118457214,0.35615315293685,0.4006025142827946,0.6790258993182852,0.8415997616548514,0.7955057408670516,7.2416821733146694e-06,0.598214886063603,2.1863531253284278e-06,0.0,0.011903822125597032,0.12164070692255163
2023-10-10,0.2111984282907662,0.30249584920220995,0.13618906118457214,0.39236628501787857,0.6717616538385814,0.8415997616548514,0.7955057408670516,1.5330696845482394e-05,0.6142953951742294,7.2416821733146694e-06,2.1863531253284278e-06,0.0,0.12112474312968229
2023-10-11,0.21141672123990388,0.269498643557735,0.30249584920220995,0.3841300557529621,0.6644974083588778,0.7835633818949248,0.7475912705927673,0.00022139707128602043,0.6795075822768304,1.5330696845482394e-05,7.2416821733146694e-06,2.1863531253284278e-06,0.12017799578449817
2023-10-12,0.21190550762601676,0.269498643557735,0.269498643557735,0.380927784548661,0.6719432634410191,0.7835633818949248,0.7475912705927673,0.000559334433595207,0.6312339250024808,0.00022139707128602043,1.5330696845482394e-05,7.2416821733146694e-06,0.006654500992933351
2023-10-13,0.21108928181619727,0.24482810149194223,0.269498643557735,0.37772551334435966,0.6793891185231604,0.7835633818949248,0.7475912705927673,0.010521649420072608,0.5933357029738846,0.000559334433595207,0.00022139707128602043,1.5330696845482394e-05,0.005929434330584055
2023-10-14,0.2031215891726695,0.09324095997236213,0.24482810149194223,0.37452324214005833,0.6868349736053018,0.7835633818949248,0.7475912705927673,0.000677741160289434,0.4801259652637594,0.010521649420072608,0.000559334433595207,0.00022139707128602043,0.006284966977889047
2023-10-15,0.1971185330713818,0.09324095997236213,0.09324095997236213,0.371320970935757,0.694280828687443,0.7835633818949248,0.7475912705927673,0.0018394180406672398,0.4582638387733852,0.000677741160289434,0.010521649420072608,0.000559334433595207,0.007248750622526238
2023-10-16,0.18958742632612965,0.2138920331680333,0.09324095997236213,0.3681186997314556,0.7017266837695844,0.7149432227832273,0.6709543817444845,0.0002391004485367144,0.4290583933057884,0.0018394180406672398,0.000677741160289434,0.010521649420072608,0.00737038018530924
2023-10-17,0.1847332804834614,0.1392129715105312,0.2138920331680333,0.35053735731858043,0.6790500520710427,0.7149432227832273,0.6709543817444845,1.093194026696556e-05,0.44922739558093266,0.0002391004485367144,0.0018394180406672398,0.000677741160289434,0.007368072664882796
2023-10-18,0.18469567978408855,0.18520863993470382,0.1392129715105312,0.33295601490570526,0.6563734203725013,0.7149432227832273,0.6709543817444845,2.9677287963463747e-05,0.5757095037635045,1.093194026696556e-05,0.0002391004485367144,0.0018394180406672398,0.007267499398716847
2023-10-19,0.18138245873788714,0.17488790838244206,0.18520863993470382,0.31537467249283,0.63369678867396,0.7149432227832273,0.6709543817444845,8.614041742105973e-06,0.5747206409977006,2.9677287963463747e-05,1.093194026696556e-05,0.0002391004485367144,0.0069785999038761365
2023-10-20,0.1787819253438114,0.17488790838244206,0.17488790838244206,0.2977933300799548,0.6110201569754184,0.7149432227832273,0.6709543817444845,1.969700654114661e-05,0.6255550226028732,8.614041742105973e-06,2.9677287963463747e-05,1.093194026696556e-05,0.0014694362847455914
2023-10-21,0.17550753110674525,0.18925147724283325,0.17488790838244206,0.2802119876670796,0.5883435252768769,0.7149432227832273,0.6709543817444845,1.2372328901784574e-05,0.6639213670457867,1.969700654114661e-05,8.614041742105973e-06,2.9677287963463747e-05,0.0011203939719599048
2023-10-22,0.17397948046278114,0.10940577243374726,0.18925147724283325,0.26263064525420443,0.5656668935783356,0.7149432227832273,0.6709543817444845,1.091884229124594e-06,0.6476757470039746,1.2372328901784574e-05,1.969700654114661e-05,8.614041742105973e-06,0.00015603618567858646
2023-10-23,0.17386558848931785,0.10940577243374726,0.10940577243374726,0.24504930284132923,0.542990261879794,0.7149432227832273,0.6709543817444845,0.0007725336588795896,0.6834836435599217,1.091884229124594e-06,1.2372328901784574e-05,1.969700654114661e-05,0.0004358670894894301
2023-10-24,0.2938223095394019,0.10940577243374726,0.10940577243374726,0.22746796042845402,0.5203136301812525,0.7149432227832273,0.6709543817444845,0.25758381506721145,0.6290839230888928,0.0007725336588795896,1.091884229124594e-06,1.2372328901784574e-05,0.13555466225458385
2023-10-25,0.48624754420432215,0.08389947823907863,0.10940577243374726,0.20988661801557879,0.4976369984827111,0.7149432227832273,0.6709543817444845,0.09240579376240585,0.6447533889412038,0.25758381506721145,0.0007725336588795896,1.091884229124594e-06,0.18401376015545048
2023-10-26,0.48387954025606705,0.6899429742462218,0.08389947823907863,0.19230527560270358,0.47496036678416964,0.6042165204877048,0.5803717674955747,0.22032941991344188,0.641525192938166,0.09240579376240585,0.25758381506721145,0.0007725336588795896,0.2995906853262375
2023-10-27,0.45939751146037977,0.6840230252886509,0.6899429742462218,0.19466454089850882,0.5035026308705475,0.6042165204877048,0.5803717674955747,0.01891975119600888,0.5874440523817379,0.22032941991344188,0.09240579376240585,0.25758381506721145,0.3095053646963375
2023-10-28,0.4369133376991924,0.6840230252886509,0.6840230252886509,0.19702380619431406,0.5320448949569253,0.6042165204877048,0.5803717674955747,0.02875024470872211,0.35871546842835966,0.01891975119600888,0.22032941991344188,0.09240579376240585,0.3245808130293664
2023-10-29,0.4832013653231728,0.9508289549244807,0.6840230252886509,0.19938307149011927,0.5605871590433033,0.6042165204877048,0.5803717674955747,0.3149198002652387,0.2335357153033489,0.02875024470872211,0.01891975119600888,0.22032941991344188,0.4897823510748846
2023-10-30,0.4726042348832131,0.32821437056631847,0.9508289549244807,0.20174233678592451,0.5891294231296811,0.6042165204877048,0.5803717674955747,0.029854042749635778,0.22637043256940306,0.3149198002652387,0.02875024470872211,0.01891975119600888,0.5050380659708859
2023-10-31,0.4387688277668631,0.32821437056631847,0.32821437056631847,0.20410160208172953,0.617671687216059,0.5390883335871091,0.4949206578021362,6.451762842919703e-05,0.21950733629866928,0.029854042749635778,0.3149198002652387,0.02875024470872211,0.36994738103826114
2023-11-01,0.42640550892024354,0.5970435034984902,0.32821437056631847,0.16502314272680452,0.5953839479692125,0.5390883335871091,0.4949206578021362,1.1333286672746329e-05,0.21411282132138798,6.451762842919703e-05,0.029854042749635778,0.3149198002652387,0.32147866015487075
2023-11-02,0.42174197773411914,0.08283639173636766,0.5970435034984902,0.12594468337187953,0.573096208722366,0.5390883335871091,0.4949206578021362,1.527743751719745e-05,0.3564617126206591,1.1333286672746329e-05,6.451762842919703e-05,0.029854042749635778,0.2059052304995973
2023-11-03,0.4189041693953286,0.6002118245873448,0.08283639173636766,0.08686622401695426,0.5508084694755194,0.5390883335871091,0.4949206578021362,2.176013835650686e-06,0.44075946750464245,1.527743751719745e-05,1.1333286672746329e-05,6.451762842919703e-05,0.19598135988469037
2023-11-04,0.415957214581969,0.6130821666528427,0.6002118245873448,0.047787764662029275,0.528520730228673,0.5390883335871091,0.4949206578021362,5.531852994284036e-05,0.5020053255035901,2.176013835650686e-06,1.527743751719745e-05,1.1333286672746329e-05,0.1809284404719077
2023-11-05,0.4147566033617113,0.6130821666528427,0.6130821666528427,0.008709305307104065,0.5062329909818265,0.5071596881340958,0.38072412142449397,0.0006247210820041923,0.5479528085549681,5.531852994284036e-05,2.176013835650686e-06,1.527743751719745e-05,0.016054048765748577
2023-11-06,0.4133376991923161,0.5628312884895202,0.6130821666528427,0.01613892409478279,0.5090475929296916,0.5071596881340958,0.38072412142449397,3.938641501734371e-05,0.6107095530355275,0.0006247210820041923,5.531852994284036e-05,2.176013835650686e-06,0.0004137360383814619
2023-11-07,0.4091901331586991,0.22615370845863803,0.5628312884895202,0.023568542882461574,0.5118621948775565,0.5071596881340958,0.38072412142449397,7.23651282709068e-07,0.6022363998330724,3.938641501734371e-05,0.0006247210820041923,5.531852994284036e-05,0.00038027069363639766
2023-11-08,0.40882472974383777,0.22615370845863803,0.22615370845863803,0.030998161670140023,0.5146767968254216,0.5071596881340958,0.38072412142449397,2.4780819929309127e-05,0.6480970113424197,7.23651282709068e-07,3.938641501734371e-05,0.0006247210820041923,0.0003873250639160276
2023-11-09,0.4032962235319798,0.5177786582474163,0.22615370845863803,0.03842778045781875,0.5174913987732866,0.5071596881340958,0.38072412142449397,0.0012800152893980869,0.4713331168419953,2.4780819929309127e-05,7.23651282709068e-07,3.938641501734371e-05,0.0010507871980942292
2023-11-10,0.39514142264633423,0.09894137717814817,0.5177786582474163,0.04585739924549731,0.5203060007211516,0.4315046594830294,0.297624366579542,0.00013945723377913334,0.3931747476985955,0.0012800152893980869,2.4780819929309127e-05,7.23651282709068e-07,0.001122802826495671
2023-11-11,0.391399257803973,0.4706291148325792,0.09894137717814817,0.039486887429547646,0.5178242633408299,0.4315046594830294,0.297624366579542,0.00012036269696647967,0.41382629495852524,0.00013945723377913334,0.0012800152893980869,2.4780819929309127e-05,0.0011569240017298649
2023-11-12,0.3870713628123724,0.485158427156578,0.4706291148325792,0.033116375613597815,0.5153425259605083,0.4315046594830294,0.297624366579542,7.36302462863852e-06,0.43560379579443087,0.00012036269696647967,0.00013945723377913334,0.0012800152893980869,0.0008330674067134711
2023-11-13,0.3834315651604453,0.485158427156578,0.485158427156578,0.026745863797647984,0.5128607885801867,0.4315046594830294,0.297624366579542,1.4512314866879237e-05,0.4490980049566896,7.36302462863852e-06,0.00012036269696647967,0.00013945723377913334,0.0008200188341993754
2023-11-14,0.37939314560139703,0.4811085757892648,0.485158427156578,0.020375351981698153,0.510379051199865,0.4315046594830294,0.297624366579542,1.4663496080268283e-06,0.45256538034602445,1.4512314866879237e-05,7.36302462863852e-06,0.00012036269696647967,0.0008204084423819982
2023-11-15,0.3756821654660555,0.16109876606720208,0.4811085757892648,0.014004840165748322,0.5078973138195434,0.375340070282827,0.21158772412685906,2.9148474577723248e-06,0.4734114948039414,1.4663496080268283e-06,1.4512314866879237e-05,7.36302462863852e-06,0.0008089378876419208
2023-11-16,0.37448155424579777,0.16109876606720208,0.16109876606720208,0.01509393239516299,0.5092270675961597,0.375340070282827,0.21158772412685906,1.3134066544986437e-05,0.48198274898623816,2.9148474577723248e-06,1.4663496080268283e-06,1.4512314866879237e-05,0.00014435137383244184
2023-11-17,0.37465713770488696,0.42225675943119656,0.16109876606720208,0.01618302462457788,0.5105568213727759,0.375340070282827,0.21158772412685906,0.0027342884803007194,0.47478307514411355,1.3134066544986437e-05,2.9148474577723248e-06,1.4663496080268283e-06,0.0015055601603720518
2023-11-18,0.36877617034787946,0.10237762287682302,0.42225675943119656,0.017272116853992492,0.5118865751493921,0.375340070282827,0.21158772412685906,0.0001335668117017952,0.4092954841694347,0.0027342884803007194,1.3134066544986437e-05,2.9148474577723248e-06,0.0015124868370182825
2023-11-19,0.37974241432001754,0.6023430194931291,0.10237762287682302,0.01836120908340716,0.5132163289260083,0.375340070282827,0.21158772412685906,0.0499454555020669,0.45321208901689936,0.0001335668117017952,0.0027342884803007194,1.3134066544986437e-05,0.02770924639679301
2023-11-20,0.4680200829513207,0.7144919323689475,0.6023430194931291,0.01945030131282205,0.5145460827026246,0.375340070282827,0.21158772412685906,0.4437592770414063,0.4354147898418362,0.0499454555020669,0.0001335668117017952,0.0027342884803007194,0.26049096333365684
2023-11-21,0.4490285963763371,0.7144919323689475,0.7144919323689475,0.02053939354223666,0.515875836479241,0.375340070282827,0.21158772412685906,0.029271084312719887,0.35683028263119937,0.4437592770414063,0.0499454555020669,0.0001335668117017952,0.2758453572671561
2023-11-22,0.43089348983258624,0.5990134580496695,0.7144919323689475,0.021628485771651385,0.5172055902558572,0.375340070282827,0.21158772412685906,0.0002353941748709451,0.2889381558192207,0.029271084312719887,0.4437592770414063,0.0499454555020669,0.2759673123667749
2023-11-23,0.4219602706832568,0.17429683901047072,0.5990134580496695,0.022717578001065997,0.5185353440324735,0.375340070282827,0.21158772412685906,6.563467268218422e-06,0.36418591579464826,0.0002353941748709451,0.029271084312719887,0.4437592770414063,0.2759638655308852
2023-11-24,0.4154114822091245,0.17429683901047072,0.17429683901047072,0.023806670230480886,0.5198650978090897,0.375340070282827,0.21158772412685906,1.2307132629090037e-05,0.30513612332153417,6.563467268218422e-06,0.0002353941748709451,0.029271084312719887,0.27453595574591766
2023-11-25,0.4079895219384414,0.5301031072925485,0.17429683901047072,0.024895762459895554,0.521194851585706,0.375340070282827,0.21158772412685906,0.003761155221098667,0.23988529778597595,1.2307132629090037e-05,6.563467268218422e-06,0.0002353941748709451,0.27643893314509904
2023-11-26,0.4508622571490939,0.5301031072925485,0.5301031072925485,0.025984854689310166,0.5225246053623223,0.375340070282827,0.21158772412685906,0.12599854935780533,0.17837460839245495,0.003761155221098667,1.2307132629090037e-05,6.563467268218422e-06,0.31633522302473144
2023-11-27,0.4470639598340974,0.5694004737063156,0.5301031072925485,0.027073946918724834,0.5238543591389385,0.375340070282827,0.21158772412685906,0.0057457534218860904,0.19047315885537133,0.12599854935780533,0.003761155221098667,1.2307132629090037e-05,0.0865600275189277
2023-11-28,0.43521660613998525,0.6078916798503657,0.5694004737063156,0.028163039148139724,0.5251841129155548,0.375340070282827,0.21158772412685906,1.2352676796932201e-05,0.2557023199789345,0.0057457534218860904,0.12599854935780533,0.003761155221098667,0.07121134438617606
2023-11-29,0.4289456450556647,0.6078916798503657,0.6078916798503657,0.029252131377554336,0.526513866692171,0.375340070282827,0.21158772412685906,5.806922076044314e-06,0.34586040525436856,1.2352676796932201e-05,0.0057457534218860904,0.12599854935780533,0.07109090642467053
2023-11-30,0.4255621043440295,0.5764004632682334,0.6078916798503657,0.03034122360696906,0.5278436204687873,0.375340070282827,0.21158772412685906,0.02817471327006982,0.4176252977997263,5.806922076044314e-06,1.2352676796932201e-05,0.0057457534218860904,0.08586748700714061
2023-12-01,0.4792621698319143,0.5143948934826921,0.5764004632682334,0.03143031583638367,0.5291733742454036,0.375340070282827,0.21158772412685906,0.21071629658855168,0.322358872512499,0.02817471327006982,5.806922076044314e-06,1.2352676796932201e-05,0.19639957736593655
2023-12-02,0.4562322636978826,0.5143948934826921,0.5143948934826921,0.03251940806579856,0.5305031280220198,0.375340070282827,0.21158772412685906,0.009852705695686921,0.24072431248912865,0.21071629658855168,0.02817471327006982,5.806922076044314e-06,0.19959511158064677
2023-12-03,0.4403640454721005,0.6177383398581033,0.5143948934826921,0.03360850029521323,0.5318328817986361,0.375340070282827,0.21158772412685906,2.871833232417299e-05,0.2798327929070903,0.009852705695686921,0.21071629658855168,0.02817471327006982,0.13351326480904852
2023-12-04,0.4324383322418687,0.13776147629261487,0.6177383398581033,0.03469759252462784,0.5331626355752525,0.375340070282827,0.21158772412685906,0.0,0.32179471166814216,2.871833232417299e-05,0.009852705695686921,0.21071629658855168,0.13049913043956082
2023-12-05,0.4245797860729097,0.6449167816118097,0.13776147629261487,0.03578668475404251,0.5344923893518687,0.34348874727306866,0.1453532015911782,3.3247471189662674e-06,0.32501345049838504,0.0,2.871833232417299e-05,0.009852705695686921,0.130494394525725
2023-12-06,0.4194079223548772,0.6115528527309666,0.6449167816118097,0.04381912325216519,0.5374057009282952,0.34348874727306866,0.1453532015911782,3.694163465518621e-07,0.30659174874659995,3.3247471189662674e-06,0.0,2.871833232417299e-05,0.13049154209338062
2023-12-07,0.4179360876208916,0.6115528527309666,0.6115528527309666,0.05185156175028782,0.5403190125047218,0.34348874727306866,0.1453532015911782,0.0,0.4366995139181247,3.694163465518621e-07,3.3247471189662674e-06,0.0,0.1157115184163634
2023-12-08,0.41792185112420877,0.5706972860924134,0.6115528527309666,0.05988400024841045,0.5432323240811484,0.34348874727306866,0.1453532015911782,0.00012124269538229241,0.5143029807740567,0.0,3.694163465518621e-07,3.3247471189662674e-06,0.00523657398772575
2023-12-09,0.4126828203449029,0.4069236940293901,0.5706972860924134,0.06791643874653308,0.546145635657575,0.34348874727306866,0.1453532015911782,1.5214735455987401e-05,0.35659107268860935,0.00012124269538229241,0.0,3.694163465518621e-07,7.597668471384096e-05
2023-12-10,0.405883637017348,0.4069236940293901,0.4069236940293901,0.07594887724465554,0.5490589472340016,0.3060850421953337,0.08979960045258256,2.9872942388925618e-05,0.24372931004729886,1.5214735455987401e-05,0.00012124269538229241,0.0,7.65823754951876e-05
2023-12-11,0.4003492687186202,0.5049374930079896,0.4069236940293901,0.07601785897064517,0.5471875824440302,0.3060850421953337,0.08979960045258256,1.3761187813785316e-05,0.272941386230555,2.9872942388925618e-05,1.5214735455987401e-05,0.00012124269538229241,8.380128415849923e-05
2023-12-12,0.39751146037982965,0.0951209768534179,0.5049374930079896,0.0760868406966348,0.5453162176540589,0.3060850421953337,0.08979960045258256,2.1782917349256893e-05,0.2989625909231165,1.3761187813785316e-05,2.9872942388925618e-05,1.5214735455987401e-05,9.348415796179539e-05
2023-12-13,0.3959549367424998,0.5312130717825252,0.0951209768534179,0.07615582242262414,0.5434448528640875,0.3060850421953337,0.08979960045258256,0.00010047114761827698,0.3535104330262206,2.1782917349256893e-05,1.3761187813785316e-05,2.9872942388925618e-05,0.00014599599522965536
2023-12-14,0.3956559703121587,0.4948782945559964,0.5312130717825252,0.07622480414861377,0.5415734880741163,0.3060850421953337,0.08979960045258256,0.0034357711387766336,0.33937687925978693,0.00010047114761827698,2.1782917349256893e-05,1.3761187813785316e-05,0.001948348987899712
2023-12-15,0.49159572145819685,0.4948782945559964,0.4948782945559964,0.07629378587460323,0.539702123284145,0.3060850421953337,0.08979960045258256,0.2392585156371446,0.3465508094247526,0.0034357711387766336,0.00010047114761827698,2.1782917349256893e-05,0.12739610500432927
2023-12-16,0.495852433966383,0.7080087835112502,0.4948782945559964,0.07636276760059285,0.5378307584941736,0.3060850421953337,0.08979960045258256,0.01877401198446017,0.3138669730240644,0.2392585156371446,0.0034357711387766336,0.00010047114761827698,0.13723668314384765
2023-12-17,0.4633168621380801,0.7080087835112502,0.7080087835112502,0.07643174932658248,0.5359593937042023,0.3060850421953337,0.08979960045258256,3.2913485566180554e-05,0.28398977800318137,0.01877401198446017,0.2392585156371446,0.0034357711387766336,0.13723827816629636
2023-12-18,0.4523965447344621,0.7080087835112502,0.7080087835112502,0.07650073105257188,0.5340880289142311,0.3060850421953337,0.08979960045258256,7.990527892786163e-06,0.30174229693032284,3.2913485566180554e-05,0.01877401198446017,0.2392585156371446,0.13723525096635833
2023-12-19,0.43855053481772543,0.6268568658166279,0.7080087835112502,0.0765697127785615,0.5322166641242597,0.3060850421953337,0.08979960045258256,1.4473027102001765e-06,0.25121324908657694,7.990527892786163e-06,3.2913485566180554e-05,0.01877401198446017,0.13722458321393186
2023-12-20,0.43658589827548555,0.6268568658166279,0.6268568658166279,0.07663869450455091,0.5303452993342884,0.3060850421953337,0.08979960045258256,2.2729231586007504e-05,0.3796650770518961,1.4473027102001765e-06,7.990527892786163e-06,3.2913485566180554e-05,0.13718380099376729
2023-12-21,0.4357127264789349,0.5526714445137388,0.6268568658166279,0.07670767623054059,0.5284739345443171,0.3060850421953337,0.08979960045258256,0.0011277239984366636,0.4680076754353298,2.2729231586007504e-05,1.4473027102001765e-06,7.990527892786163e-06,0.13597303476325037
2023-12-22,0.45151024253495553,0.6238385791890084,0.5526714445137388,0.07677665795653021,0.5266025697543459,0.3060850421953337,0.08979960045258256,0.02873309506366049,0.4812464187069299,0.0011277239984366636,2.2729231586007504e-05,1.4473027102001765e-06,0.025534618909146656
2023-12-23,0.44948416427018967,0.6238385791890084,0.6238385791890084,0.07684563968251956,0.5247312049643745,0.3060850421953337,0.08979960045258256,0.003469022913467665,0.4616676417943791,0.02873309506366049,0.0011277239984366636,2.2729231586007504e-05,0.017505855717222303
2023-12-24,0.6796598426392565,0.984514866474829,0.6238385791890084,0.07691462140850924,0.5228598401744032,0.3060850421953337,0.08979960045258256,0.5212011506265929,0.5012752439862737,0.003469022913467665,0.02873309506366049,0.0011277239984366636,0.29090274216704903
2023-12-25,0.6937349923597466,0.47587417848610025,0.984514866474829,0.07698360313449865,0.5209884753844318,0.3060850421953337,0.08979960045258256,0.03963230576248248,0.26067430253159657,0.5212011506265929,0.003469022913467665,0.02873309506366049,0.31168905192427987
2023-12-26,0.5915610514015691,0.7427272973840114,0.47587417848610025,0.07705258486048827,0.5191171105944606,0.3060850421953337,0.08979960045258256,0.000215166119726541,0.22009187819069861,0.03963230576248248,0.5212011506265929,0.003469022913467665,0.31180116554706794
2023-12-27,0.5413949868549681,0.696017730545537,0.7427272973840114,0.0771215665864779,0.5172457458044893,0.3060850421953337,0.08979960045258256,0.0002934608718391339,0.21566156705047757,0.000215166119726541,0.03963230576248248,0.5212011506265929,0.3119431872249713
2023-12-28,0.5033240062709611,0.696017730545537,0.696017730545537,0.0771905483124673,0.5153743810145179,0.3060850421953337,0.08979960045258256,0.00016159691728895957,0.16520004861506365,0.0002934608718391339,0.000215166119726541,0.03963230576248248,0.3114363717341623
2023-12-29,0.48522553630608634,0.5810653936716462,0.696017730545537,0.07725953003845698,0.5135030162245466,0.3060850421953337,0.08979960045258256,3.422415524500404e-05,0.2013263417478499,0.00016159691728895957,0.0002934608718391339,0.000215166119726541,0.2963813829765433
2023-12-30,0.47260423488321335,0.5639345709467833,0.5810653936716462,0.07732851176444633,0.5116316514345755,0.31506953326732756,0.06793774893037224,8.754662553478706e-07,0.23681950848216013,3.422415524500404e-05,0.00016159691728895957,0.0002934608718391339,0.29456204586763163
2024-01-01,0.458700653199671,0.6076060540793511,0.5810653936716462,0.07459899607752535,0.508358190830217,0.31506953326732756,0.06793774893037224,9.425178504670752e-06,0.15921428463935944,8.74454237332105e-06,8.754662553478706e-07,3.422415524500404e-05,0.0003669235983846931
2024-01-02,0.447391399257804,0.3827907650738617,0.6076060540793511,0.07323423823406489,0.5067214605280379,0.31506953326732756,0.06793774893037224,3.359791790374123e-05,0.1685883443171754,9.425178504670752e-06,8.74454237332105e-06,8.754662553478706e-07,0.00027167569661508715
2024-01-03,0.4429163938004803,0.3827907650738617,0.3827907650738617,0.07186948039060442,0.5050847302258589,0.31506953326732756,0.06793774893037224,1.1669510430515483e-05,0.19512659204972838,3.359791790374123e-05,9.425178504670752e-06,8.74454237332105e-06,0.00012385225814117438
2024-01-04,0.4377646802008296,0.5800993211532053,0.3827907650738617,0.0705047225471439,0.5034479999236796,0.31506953326732756,0.06793774893037224,1.4574236987239608e-06,0.20348607584087292,1.1669510430515483e-05,3.359791790374123e-05,9.425178504670752e-06,3.984552897940633e-05
2024-01-05,0.4799638257398573,0.24198114052296144,0.5800993211532053,0.06913996470368344,0.5018112696215005,0.31506953326732756,0.06793774893037224,0.09587602595177565,0.22485632239884107,1.4574236987239608e-06,1.1669510430515483e-05,3.359791790374123e-05,0.050316988945573446
2024-01-06,0.497380484610347,0.6723720504350699,0.24198114052296144,0.06777520686022293,0.5001745393193213,0.31506953326732756,0.06793774893037224,0.015328811554563575,0.2117590394873641,0.09587602595177565,1.4574236987239608e-06,1.1669510430515483e-05,0.05835778979182962
2024-01-07,0.481335952848723,0.5995163121388319,0.6723720504350699,0.06641044901676246,0.4985378090171422,0.31506953326732756,0.06793774893037224,0.00041718248361738636,0.22770297724480473,0.015328811554563575,0.09587602595177565,1.4574236987239608e-06,0.05857205008915064
2024-01-08,0.5378738266753982,0.5995163121388319,0.5995163121388319,0.06504569117330194,0.496901078714963,0.31506953326732756,0.06793774893037224,0.07582131108032006,0.2997754647172983,0.00041718248361738636,0.015328811554563575,0.09587602595177565,0.09834180596519271
2024-01-09,0.5651604453176162,0.8049144441454594,0.5995163121388319,0.06368093332984148,0.4952643484127838,0.31506953326732756,0.06793774893037224,0.03457168720889156,0.18327423364243317,0.07582131108032006,0.00041718248361738636,0.015328811554563575,0.11645995938122107
2024-01-10,0.5197555118969658,0.8049144441454594,0.8049144441454594,0.06231617548638102,0.4936276181106047,0.31506953326732756,0.06793774893037224,0.001699605030505825,0.18348068723853886,0.03457168720889156,0.07582131108032006,0.00041718248361738636,0.117345424539743
2024-01-11,0.5007044908813081,0.8049144441454594,0.8049144441454594,0.0609514176429205,0.49199088780842554,0.31506953326732756,0.06793774893037224,1.4548919434467617e-06,0.2512389163730016,0.001699605030505825,0.03457168720889156,0.07582131108032006,0.11734542321162289
2024-01-12,0.5001091464745689,0.5797938152972856,0.8049144441454594,0.05958665979946004,0.4903541575062463,0.31506953326732756,0.06793774893037224,0.003197204346901602,0.1108890483418131,1.4548919434467617e-06,0.001699605030505825,0.03457168720889156,0.06872753082890833
2024-01-23,0.5541366513861603,0.6170641601103026,0.27671324672934755,0.03279397397294764,0.4911365692642528,0.31506953326732756,0.06793774893037224,0.06611461754308347,0.1613067796088391,0.07884535148827866,0.00019065430313889605,1.012099817592017e-07,0.07613911564383688
2024-01-24,0.5102597686094741,0.6170641601103026,0.6170641601103026,0.028484128742375325,0.4941964502325679,0.31506953326732756,0.06793774893037224,0.021664429584504746,0.20784731447994756,0.06611461754308347,0.07884535148827866,0.00019065430313889605,0.087499347524044
2024-01-25,0.4994542676271556,0.6508956652678461,0.6170641601103026,0.024174283511803063,0.49725633120088303,0.31506953326732756,0.06793774893037224,0.028371551502505636,0.23209955423715337,0.021664429584504746,0.06611461754308347,0.07884535148827866,0.10238048456179372
2024-01-26,0.48799388779742425,0.3630278855128738,0.6508956652678461,0.019864438281230967,0.5003162121691981,0.31506953326732756,0.06793774893037224,0.010619622751109569,0.2597969244021269,0.028371551502505636,0.021664429584504746,0.06611461754308347,0.10795024236853361
2024-01-27,0.6168790824979431,0.3630278855128738,0.3630278855128738,0.01555459305065865,0.5033760931375133,0.31506953326732756,0.06793774893037224,0.3605481934225098,0.20890075797177637,0.010619622751109569,0.028371551502505636,0.021664429584504746,0.2970882573156277
2024-01-28,0.5817507094520848,0.7449507956485194,0.3630278855128738,0.011244747820086387,0.5064359741058284,0.31506953326732756,0.06793774893037224,0.01928562781018281,0.21124937579222103,0.3605481934225098,0.010619622751109569,0.028371551502505636,0.3071051883786293
2024-01-29,0.5542122143300927,0.22981575290872308,0.7449507956485194,0.006934902589514125,0.5094958550741435,0.28186905041551036,0.03830559753477614,1.3118077718332153e-05,0.3034118927996616,0.01928562781018281,0.3605481934225098,0.010619622751109569,0.26575100439273697
2024-01-30,0.5317616240995415,0.6692751565406238,0.22981575290872308,0.007298542049843759,0.5116344751818183,0.28186905041551036,0.03830559753477614,1.2021215553887604e-05,0.36695081727772044,1.3118077718332153e-05,0.01928562781018281,0.3605481934225098,0.23107459333335376
2024-01-31,0.5120348349590412,0.6518267504969866,0.6692751565406238,0.007662181510173172,0.5137730952894929,0.28186905041551036,0.03830559753477614,6.24465457029633e-06,0.3861713063724467,1.2021215553887604e-05,1.3118077718332153e-05,0.01928562781018281,0.2197130407596954
2024-02-01,0.4999999999999999,0.6518267504969866,0.6518267504969866,0.008025820970502695,0.5159117153971675,0.28186905041551036,0.03830559753477614,6.361927179546072e-05,0.4573173423083278,6.24465457029633e-06,1.2021215553887604e-05,1.3118077718332153e-05,0.2048631324533789
2024-02-02,0.49279633267845446,0.7138041395358675,0.6518267504969866,0.008389460430832163,0.5180503355048421,0.28186905041551036,0.03830559753477614,5.913090702727164e-05,0.49018182751537687,6.361927179546072e-05,6.24465457029633e-06,1.2021215553887604e-05,0.19932325994428424
2024-02-03,0.48919449901768175,0.49916014941938225,0.7138041395358675,0.008753099891161575,0.5201889556125167,0.28186905041551036,0.03830559753477614,0.25686249869494737,0.4667248152929359,5.913090702727164e-05,6.361927179546072e-05,6.24465457029633e-06,0.14493133026067986
2024-02-04,0.5249945426762717,0.49916014941938225,0.49916014941938225,0.00911673935149121,0.5223275757201914,0.28186905041551036,0.03830559753477614,0.059331159442986336,0.36235869528599657,0.25686249869494737,5.913090702727164e-05,6.361927179546072e-05,0.165938603698324
2024-02-05,0.527177472167649,0.7958068750604523,0.49916014941938225,0.009480378811820733,0.524466195827866,0.28186905041551036,0.03830559753477614,0.011288106773551009,0.3068484216108482,0.059331159442986336,0.25686249869494737,5.913090702727164e-05,0.171853290328322
2024-02-06,0.5068450431908191,0.7958068750604523,0.7958068750604523,0.009844018272150201,0.5266048159355408,0.28186905041551036,0.03830559753477614,0.0003348481638423622,0.30158407644329066,0.011288106773551009,0.059331159442986336,0.25686249869494737,0.17202264040807425
2024-02-07,0.4961798733900896,0.6907513756946124,0.7958068750604523,0.010207657732479614,0.5287434360432154,0.28186905041551036,0.03830559753477614,8.75456409867415e-06,0.4160778201568108,0.0003348481638423622,0.011288106773551009,0.059331159442986336,0.17202395706822626
2024-02-08,0.49104998908535247,0.6771973081202948,0.6907513756946124,0.010571297192809082,0.53088205615089,0.28446019159017166,0.03159624602651301,0.0017467605737847543,0.4773805739739989,8.75456409867415e-06,0.0003348481638423622,0.011288106773551009,0.17290690725326305
2024-02-09,0.47969875573018994,0.6771973081202948,0.6771973081202948,0.01936833864027243,0.532770235670445,0.28446019159017166,0.03159624602651301,9.995497745994805e-05,0.44053573432464155,0.0017467605737847543,8.75456409867415e-06,0.0003348481638423622,0.1729283229362481
2024-02-10,0.4706395983409737,0.7183403681787575,0.6771973081202948,0.028165380087735836,0.53465841519,0.28446019159017166,0.03159624602651301,0.0010937054257258026,0.3492062124305608,9.995497745994805e-05,0.0017467605737847543,8.75456409867415e-06,0.03875592571873945
2024-02-11,0.46234446627373926,0.7183403681787575,0.7183403681787575,0.036962421535199186,0.5365465947095551,0.28446019159017166,0.03159624602651301,0.009992576625436013,0.26344313049836676,0.0010937054257258026,9.995497745994805e-05,0.0017467605737847543,0.012873659757632761
2024-02-12,0.48684784981445095,0.7183403681787575,0.7183403681787575,0.045759462982662535,0.5384347742291102,0.28446019159017166,0.03159624602651301,0.14129825674198954,0.23322162716387257,0.009992576625436013,0.0010937054257258026,9.995497745994805e-05,0.08107499605401171
2024-02-13,0.5070609373163402,0.7183403681787575,0.7183403681787575,0.05455650443012594,0.5403229537486652,0.29240449665676993,0.039306799302942785,0.007958552727244193,0.29982198667394305,0.14129825674198954,0.009992576625436013,0.0010937054257258026,0.08507427487092739
2024-02-14,0.4904169395328529,0.28883129981992345,0.7183403681787575,0.054839207545019475,0.5409675938108773,0.29240449665676993,0.039306799302942785,6.189597996188205e-06,0.3850899497066338,0.007958552727244193,0.14129825674198954,0.009992576625436013,0.08507292932893866
2024-02-15,0.4811176598995853,0.7383259544946519,0.28883129981992345,0.055121910659912676,0.5416122338730895,0.29240449665676993,0.039306799302942785,1.3778776418640666e-05,0.39799385711556473,6.189597996188205e-06,0.007958552727244193,0.14129825674198954,0.0841638335822884
2024-02-16,0.4700938659681291,0.6281847226776924,0.7383259544946519,0.05540461377480599,0.5422568739353018,0.29240449665676993,0.039306799302942785,7.327602592496972e-06,0.2899791781777962,1.3778776418640666e-05,6.189597996188205e-06,0.007958552727244193,0.08411524267807731
2024-02-17,0.4598808744191848,0.6281847226776924,0.6281847226776924,0.055687316889699245,0.5429015139975139,0.29240449665676993,0.039306799302942785,1.376244910665801e-05,0.12735530009985033,7.327602592496972e-06,1.3778776418640666e-05,6.189597996188205e-06,0.083548721109206
2024-02-18,0.4464090809866842,0.6317247058966596,0.6281847226776924,0.05597002000459256,0.5435461540597261,0.2946226755114554,0.04314448844760549,1.54092196263171e-06,0.15762917692116774,1.376244910665801e-05,7.327602592496972e-06,1.3778776418640666e-05,0.07830757658220455
2024-02-19,0.44548454614327726,0.3741952223092571,0.6317247058966596,0.05295554530176372,0.5414886955910316,0.2946226755114554,0.04314448844760549,1.6060206395625304e-05,0.27277584751126294,1.54092196263171e-06,1.376244910665801e-05,7.327602592496972e-06,0.0041930970515347814
2024-02-20,0.443614931237721,0.3741952223092571,0.3741952223092571,0.049941070598934656,0.5394312371223373,0.2946226755114554,0.04314448844760549,1.601454822097644e-05,0.3628056880234536,1.6060206395625304e-05,1.54092196263171e-06,1.376244910665801e-05,2.6562996109927013e-05
2024-02-21,0.44139783415430467,0.6055022513573606,0.3741952223092571,0.04692659589610587,0.537373778653643,0.2946226755114554,0.04314448844760549,2.3263621758749664e-05,0.48695182869103026,1.601454822097644e-05,1.6060206395625304e-05,1.54092196263171e-06,3.5519767845408035e-05
2024-02-22,0.43975114603798293,0.32422689867209975,0.6055022513573606,0.04391212119327681,0.5353163201849486,0.2946226755114554,0.04314448844760549,0.0005269813978590177,0.5250535709115708,2.3263621758749664e-05,1.601454822097644e-05,1.6060206395625304e-05,0.00030473801412491265
2024-02-23,0.43418467583497056,0.5977780705605641,0.32422689867209975,0.04089764649044775,0.5332588617162543,0.2907516432139987,0.03647979571458332,5.720388056099956e-05,0.4298727796364917,0.0005269813978590177,2.3263621758749664e-05,1.601454822097644e-05,0.0003309023467386917
2024-02-24,0.42707456263448407,0.598874089938791,0.5977780705605641,0.048411963965586946,0.5280766285804878,0.2907516432139987,0.03647979571458332,1.0343427306963472e-05,0.41467638631802284,5.720388056099956e-05,0.0005269813978590177,2.3263621758749664e-05,0.00032910878019313947
2024-02-25,0.4239249072254965,0.598874089938791,0.598874089938791,0.055926281440726255,0.5228943954447214,0.2907516432139987,0.03647979571458332,1.1655360483570756e-05,0.5191662745912283,1.0343427306963472e-05,5.720388056099956e-05,0.0005269813978590177,0.0003344146599508598
2024-02-26,0.418576729971622,0.5837563437029283,0.598874089938791,0.06344059891586523,0.5177121623089549,0.2907516432139987,0.03647979571458332,1.1630293096068002e-05,0.5363019689024024,1.1655360483570756e-05,1.0343427306963472e-05,5.720388056099956e-05,0.00033209079518506845
2024-02-27,0.4180309975987775,0.5837563437029283,0.5837563437029283,0.07095491639100454,0.5125299291731886,0.2907516432139987,0.03647979571458332,1.458823354967752e-06,0.6673491873133636,1.1630293096068002e-05,1.1655360483570756e-05,1.0343427306963472e-05,0.00032445508453582097
2024-02-28,0.4114198397106058,0.5837563437029283,0.5837563437029283,0.07846923386614352,0.5073476960374221,0.2907516432139987,0.03647979571458332,0.0,0.25390780998232854,1.458823354967752e-06,1.1630293096068002e-05,1.1655360483570756e-05,0.0003122513443553385
2024-02-29,0.39973407949832296,0.48414603694554015,0.5837563437029283,0.08598355134128277,0.5021654629016559,0.2907516432139987,0.03647979571458332,0.003862438580133255,0.230587185775313,0.0,1.458823354967752e-06,1.1630293096068002e-05,0.0020619811696473006
2024-03-01,0.43043003710980143,0.48414603694554015,0.48414603694554015,0.09349786881642186,0.4969832297658895,0.2907516432139987,0.03647979571458332,0.04752592578142099,0.2875299690396006,0.003862438580133255,0.0,1.458823354967752e-06,0.026963346691537434
2024-03-02,0.42568074181638715,0.5827402181941002,0.48414603694554015,0.10101218629156106,0.491800996630123,0.2907516432139987,0.03647979571458332,0.0020259935819080203,0.44678315184041023,0.04752592578142099,0.003862438580133255,0.0,0.028020725935259307
2024-03-03,0.42643527614058074,0.5942001948206818,0.5827402181941002,0.10852650376670031,0.4866187634943567,0.2907516432139987,0.03647979571458332,1.8185704281351475e-05,0.6028907170209945,0.0020259935819080203,0.04752592578142099,0.003862438580133255,0.028024151653740458
2024-03-04,0.4240340537000654,0.5942001948206818,0.5942001948206818,0.11604082124183934,0.48143653035859024,0.28335381686809347,0.04384061135788314,2.3650258770733278e-05,0.6174013660038167,1.8185704281351475e-05,0.0020259935819080203,0.04752592578142099,0.02803045714389986
2024-03-05,0.4147566033617113,0.527173015196084,0.5942001948206818,0.13713711285886326,0.5076598802787637,0.28335381686809347,0.04384061135788314,2.0078554576018595e-05,0.4433043942317973,2.3650258770733278e-05,1.8185704281351475e-05,0.0020259935819080203,0.02804022477012799
2024-03-06,0.40788037546387246,0.31627013333290743,0.527173015196084,0.15823340447588694,0.5338832301989371,0.28335381686809347,0.04384061135788314,6.522983226650696e-06,0.4155735954818858,2.0078554576018595e-05,2.3650258770733278e-05,1.8185704281351475e-05,0.028043646627366095
2024-03-07,0.40427854180309963,0.31627013333290743,0.31627013333290743,0.17932969609291088,0.5601065801191105,0.28335381686809347,0.04384061135788314,0.02905570061547485,0.5269873412151764,6.522983226650696e-06,2.0078554576018595e-05,2.3650258770733278e-05,0.04125964658500205
2024-03-08,0.49992203823245074,0.7168218451171638,0.31627013333290743,0.20042598770993456,0.5863299300392837,0.28335381686809347,0.04384061135788314,0.08575605758637742,0.4171050157926387,0.02905570061547485,6.522983226650696e-06,2.0078554576018595e-05,0.06131458903770816
2024-03-09,0.5149720490115125,0.19006077101236268,0.7168218451171638,0.22152227932695825,0.6125532799594572,0.3160996903122463,0.07644776847794132,0.058852171322676824,0.2904792624749701,0.08575605758637742,0.02905570061547485,6.522983226650696e-06,0.09112473278015311
2024-03-10,0.4849533788630057,0.6674181324926315,0.19006077101236268,0.20539697468325338,0.6102159368440034,0.3160996903122463,0.07644776847794132,0.0023375862226646163,0.33979084064411796,0.058852171322676824,0.08575605758637742,0.02905570061547485,0.09234145481915279
2024-03-11,0.4716219166120932,0.6302759914004317,0.6674181324926315,0.18927167003954803,0.6078785937285497,0.3160996903122463,0.07644776847794132,6.261101019801645e-06,0.44026760285038363,0.0023375862226646163,0.058852171322676824,0.08575605758637742,0.09233233273294668
2024-03-12,0.4666011787819253,0.6302759914004317,0.6302759914004317,0.17314636539584294,0.6055412506130959,0.3160996903122463,0.07644776847794132,7.493881725303031e-07,0.5284631949064502,6.261101019801645e-06,0.0023375862226646163,0.058852171322676824,0.09232219294787194
2024-03-13,0.4624536127483083,0.5963416825470433,0.6302759914004317,0.15702106075213784,0.6032039074976422,0.3160996903122463,0.07644776847794132,2.024199635184034e-07,0.5900228965945241,7.493881725303031e-07,6.261101019801645e-06,0.0023375862226646163,0.09231887727705089
2024-03-14,0.45688714254529583,0.22934689002945058,0.5963416825470433,0.1408957561084327,0.6008665643821884,0.33848557970351933,0.10191928282269225,0.002645973036602298,0.6296917794327576,2.024199635184034e-07,7.493881725303031e-07,6.261101019801645e-06,0.07846473809991975
2024-03-15,0.44597249508840864,0.22934689002945058,0.22934689002945058,0.1472023155958458,0.6029574739286233,0.33848557970351933,0.10191928282269225,0.00025872559960348656,0.48865547954932304,0.002645973036602298,2.024199635184034e-07,7.493881725303031e-07,0.03361414533705717
2024-03-16,0.43352979698755734,0.5283255620808672,0.22934689002945058,0.15350887508325886,0.6050483834750582,0.33848557970351933,0.10191928282269225,3.87938264700419e-06,0.4485227521778435,0.00025872559960348656,0.002645973036602298,2.024199635184034e-07,0.0027432314119229325
2024-03-17,0.4261078367168738,0.5283255620808672,0.5283255620808672,0.15981543457067193,0.607139293021493,0.33848557970351933,0.10191928282269225,7.287118644434427e-07,0.45924732363155835,3.87938264700419e-06,0.00025872559960348656,0.002645973036602298,0.0015173517016888302
2024-03-18,0.4133376991923161,0.4619280291537503,0.5283255620808672,0.166121994058085,0.6092302025679279,0.33848557970351933,0.10191928282269225,1.5658583229925375e-05,0.30527469611193325,7.287118644434427e-07,3.87938264700419e-06,0.00025872559960348656,0.0015222814771310368
2024-03-19,0.40187731936258464,0.4251410318747695,0.4619280291537503,0.17242855354549808,0.6113211121143628,0.35819320617565187,0.13269506036286227,2.584017829396307e-05,0.3735262718808847,1.5658583229925375e-05,7.287118644434427e-07,3.87938264700419e-06,0.001535443721889844
2024-03-20,0.3956559703121587,0.4251410318747695,0.4251410318747695,0.1833715806786047,0.6174366208257523,0.35819320617565187,0.13269506036286227,0.0009499950402107708,0.5263643289498043,2.584017829396307e-05,1.5658583229925375e-05,7.287118644434427e-07,0.002033690404329848
2024-03-21,0.4621261733246017,0.48016404348807995,0.4251410318747695,0.19431460781171137,0.6235521295371422,0.35819320617565187,0.13269506036286227,0.10835830582089463,0.48675930876469936,0.0009499950402107708,2.584017829396307e-05,1.5658583229925375e-05,0.05748876341706378
2024-03-22,0.48532759534724157,0.14474978267311162,0.48016404348807995,0.205257634944818,0.6296676382485319,0.35819320617565187,0.13269506036286227,0.04376925766201188,0.4721984252355876,0.10835830582089463,0.0009499950402107708,2.584017829396307e-05,0.08031372308631332
2024-03-23,0.47325911373062657,0.14474978267311162,0.14474978267311162,0.21620066207792463,0.6357831469599214,0.35819320617565187,0.13269506036286227,0.0016530525097332171,0.34851175955130576,0.04376925766201188,0.10835830582089463,0.0009499950402107708,0.08117885408630572
2024-03-24,0.4624536127483083,0.4416313340352511,0.14474978267311162,0.22714368921103129,0.6418986556713111,0.35819320617565187,0.13269506036286227,0.021182819038908774,0.4551999286816127,0.0016530525097332171,0.04376925766201188,0.10835830582089463,0.09229065471268551
2024-03-25,0.45732372844357116,0.1961516513471383,0.4416313340352511,0.23808671634413792,0.6480141643827009,0.35819320617565187,0.13269506036286227,0.03735742465129708,0.47346883368843656,0.021182819038908774,0.0016530525097332171,0.04376925766201188,0.11187957408649764
2024-03-26,0.4467365204103908,0.4961265065675148,0.1961516513471383,0.24902974347724455,0.6541296730940905,0.35819320617565187,0.13269506036286227,0.0016178030039287322,0.23981214601966558,0.03735742465129708,0.021182819038908774,0.0016530525097332171,0.11271469343732372
2024-03-27,0.43593101942807255,0.4603245903223956,0.4961265065675148,0.2599727706103512,0.6602451818054803,0.35819320617565187,0.13269506036286227,0.0025162117193363027,0.26466192937172606,0.0016178030039287322,0.03735742465129708,0.021182819038908774,0.11353630675345303
2024-03-28,0.4301680855708361,0.4603245903223956,0.4603245903223956,0.27091579774345786,0.66636069051687,0.35819320617565187,0.13269506036286227,0.00122584359657644,0.3346155823498604,0.0025162117193363027,0.0016178030039287322,0.03735742465129708,0.0573362555559612
2024-03-29,0.42654442261514947,0.4364850067533147,0.4603245903223956,0.28185882487656444,0.6724761992282597,0.35819320617565187,0.13269506036286227,2.408797565868904e-05,0.521560467123224,0.00122584359657644,0.0025162117193363027,0.0016178030039287322,0.034388208577741344
2024-03-30,0.42065051298843037,0.20131422717446162,0.4364850067533147,0.2928018520096711,0.6785917079396494,0.35819320617565187,0.13269506036286227,2.9464755698343093e-05,0.5948355739117399,2.408797565868904e-05,0.00122584359657644,0.0025162117193363027,0.03353649927314862
2024-03-31,0.415084042785418,0.20131422717446162,0.20131422717446162,0.30374487914277776,0.6847072166510392,0.35819320617565187,0.13269506036286227,2.2283684450968433e-05,0.6343781370332121,2.9464755698343093e-05,2.408797565868904e-05,0.00122584359657644,0.02243600605572566
2024-04-01,0.4109364767518009,0.3912233243448927,0.20131422717446162,0.3146879062758844,0.690822725362429,0.35819320617565187,0.13269506036286227,0.040733179269258256,0.6403609064921663,2.2283684450968433e-05,2.9464755698343093e-05,2.408797565868904e-05,0.02420687529946944
2024-04-02,0.5994125935186839,0.07323297224555476,0.3912233243448927,0.325630933408991,0.6969382340738186,0.35819320617565187,0.13269506036286227,0.2214328837133269,0.42680934316726526,0.040733179269258256,2.2283684450968433e-05,2.9464755698343093e-05,0.13951850478468078
2024-04-03,0.5342719930146257,0.6104839765166811,0.07323297224555476,0.33657396054209743,0.7030537427852083,0.3980623663421241,0.18631827557932668,0.009763100702775883,0.40973324890629576,0.2214328837133269,0.040733179269258256,2.2283684450968433e-05,0.14332011191137103
2024-04-04,0.503810635612122,0.596755553542184,0.6104839765166811,0.3448032157399827,0.7080862049037563,0.3980623663421241,0.18631827557932668,1.5302380422311162e-05,0.4099119879443205,0.009763100702775883,0.2214328837133269,0.040733179269258256,0.142685080503411
2024-04-05,0.4863255059718714,0.596755553542184,0.596755553542184,0.3530324709378677,0.7131186670223045,0.3980623663421241,0.18631827557932668,3.6785241095289993e-06,0.4941325423531238,1.5302380422311162e-05,0.009763100702775883,0.2214328837133269,0.1426743740172707
2024-04-06,0.4710761842392489,0.5240947562872794,0.596755553542184,0.3612617261357529,0.7181511291408528,0.3980623663421241,0.18631827557932668,0.00036558310497586936,0.5941749621273846,3.6785241095289993e-06,1.5302380422311162e-05,0.009763100702775883,0.14285069656270294
2024-04-07,0.48422121617645664,0.2996031930902636,0.5240947562872794,0.36949098133363795,0.7231835912594009,0.3980623663421241,0.18631827557932668,0.11277264654317704,0.5428568591201339,0.00036558310497586936,3.6785241095289993e-06,1.5302380422311162e-05,0.20199781251275378
2024-04-08,0.4621261733246017,0.2996031930902636,0.2996031930902636,0.3777202365315232,0.728216053377949,0.3980623663421241,0.18631827557932668,0.005028486370662083,0.5167372326066522,0.11277264654317704,0.00036558310497586936,3.6785241095289993e-06,0.18326767668622607
2024-04-09,0.4636542239685658,0.5016362783244261,0.2996031930902636,0.38594949172940823,0.7332485154964972,0.3980623663421241,0.18631827557932668,0.05428533240701352,0.5232917408707163,0.005028486370662083,0.11277264654317704,0.00036558310497586936,0.09558462762793687
2024-04-10,0.5513087654541484,0.06950082870694228,0.5016362783244261,0.3941787469272932,0.7382809776150453,0.3980623663421241,0.18631827557932668,0.22774814717992725,0.46910968815545684,0.05428533240701352,0.005028486370662083,0.11277264654317704,0.20993624914348094
2024-04-11,0.5627592228771012,0.5465998009625822,0.06950082870694228,0.40240800212517824,0.7433134397335935,0.3980623663421241,0.18631827557932668,0.01703169163792478,0.4666950687413473,0.22774814717992725,0.05428533240701352,0.005028486370662083,0.21886278669906978
2024-04-12,0.5216110019646367,0.5012776897365784,0.5465998009625822,0.4106372573230633,0.7483459018521417,0.3980623663421241,0.18631827557932668,0.0,0.48058004706127616,0.01703169163792478,0.22774814717992725,0.05428533240701352,0.2188608570015813
2024-04-13,0.4984719493560359,0.5012776897365784,0.5012776897365784,0.41886651252094853,0.7533783639706898,0.44947140844506905,0.25531995011318387,1.7519447398518894e-05,0.6234094513518224,0.0,0.01703169163792478,0.22774814717992725,0.21867826813010674
2024-04-14,0.476970093865968,0.44961362390934256,0.5012776897365784,0.4337708057046008,0.761147883662437,0.44947140844506905,0.25531995011318387,1.2393162183767147e-05,0.6959662866304075,1.7519447398518894e-05,0.0,0.01703169163792478,0.1595259637633403
2024-04-15,0.456559703121589,0.09980892084154853,0.44961362390934256,0.4486750988882533,0.768917403354184,0.44947140844506905,0.25531995011318387,0.000149762366396316,0.6837762964596031,1.2393162183767147e-05,1.7519447398518894e-05,0.0,0.15696665976597612
2024-04-16,0.4526304300371099,0.09980892084154853,0.09980892084154853,0.4635793920719058,0.7766869230459312,0.44947140844506905,0.25531995011318387,0.058801934166978244,0.6766043677318523,0.000149762366396316,1.2393162183767147e-05,1.7519447398518894e-05,0.1593359999722827
2024-04-17,0.41432001746343605,0.3659579776093387,0.09980892084154853,0.47848368525555807,0.7844564427376784,0.44947140844506905,0.25531995011318387,0.003919922642961892,0.661447178137767,0.058801934166978244,0.000149762366396316,1.2393162183767147e-05,0.04191913661220783
2024-04-18,0.38190351451648086,0.04721428857653183,0.3659579776093387,0.49338797843921056,0.7922259624294256,0.44947140844506905,0.25531995011318387,0.008154198624512889,0.6478224630465558,0.003919922642961892,0.058801934166978244,0.000149762366396316,0.03726213954987507
2024-04-19,0.36083824492468897,0.33376427602281866,0.04721428857653183,0.5082922716228631,0.7999954821211727,0.44947140844506905,0.25531995011318387,0.0009381709853735773,0.46031366187918393,0.008154198624512889,0.003919922642961892,0.058801934166978244,0.03775428970040179
2024-04-20,0.34130102597686096,0.29845259686099285,0.33376427602281866,0.5231965648065153,0.8077650018129198,0.44947140844506905,0.25531995011318387,7.417679554444917e-05,0.45360452349255687,0.0009381709853735773,0.008154198624512889,0.003919922642961892,0.037784011278720865
2024-04-21,0.3246016153678237,0.29845259686099285,0.29845259686099285,0.5381008579901678,0.815534521504667,0.44947140844506905,0.25531995011318387,7.843773586336139e-06,0.424254485644768,7.417679554444917e-05,0.0009381709853735773,0.008154198624512889,0.03778162473904107
2024-04-22,0.3049552499454269,0.29716026683224295,0.29845259686099285,0.5530051511738203,0.8233040411964142,0.44947140844506905,0.25531995011318387,1.4473026136788162e-06,0.4644159206538624,7.843773586336139e-06,7.417679554444917e-05,0.0009381709853735773,0.03770382092491337
2024-04-23,0.2908753547260424,0.07984744794805458,0.29716026683224295,0.5679094443574726,0.8310735608881612,0.44947140844506905,0.25531995011318387,2.033367757601006e-05,0.5908802756299887,1.4473026136788162e-06,7.843773586336139e-06,7.417679554444917e-05,0.006867892314798372
2024-04-24,0.2789783889980354,0.07984744794805458,0.07984744794805458,0.5828137375411251,0.8388430805799084,0.44947140844506905,0.25531995011318387,0.0017717666780223504,0.5844129291927427,2.033367757601006e-05,1.4473026136788162e-06,7.843773586336139e-06,0.005741002549518659
2024-04-25,0.2736302117441606,0.2836127152774033,0.07984744794805458,0.5977180307247776,0.8466126002716556,0.44947140844506905,0.25531995011318387,0.13998543547672848,0.6277054064701272,0.0017717666780223504,2.033367757601006e-05,1.4473026136788162e-06,0.07489765317339861
2024-04-26,0.272538746998472,0.31954711008414416,0.2836127152774033,0.6126223239084299,0.8543821199634026,0.44947140844506905,0.25531995011318387,0.1779171607214056,0.6653718437354218,0.13998543547672848,0.0017717666780223504,2.033367757601006e-05,0.16773812446976044
2024-04-27,0.27559484828640024,0.2782151684674296,0.31954711008414416,0.6275266170920824,0.8621516396551498,0.44947140844506905,0.25531995011318387,0.01661889800708251,0.6655833696762253,0.1779171607214056,0.13998543547672848,0.0017717666780223504,0.1764172321821342
2024-04-28,0.49104998908535247,0.6548097593121441,0.2782151684674296,0.6424309102757348,0.8699211593468971,0.44947140844506905,0.25531995011318387,0.21439979175516957,0.6064642908079116,0.01661889800708251,0.1779171607214056,0.13998543547672848,0.2888839691798021
2024-04-29,0.49279633267845446,0.6548097593121441,0.6548097593121441,0.6573352034593871,0.8776906790386441,0.44947140844506905,0.25531995011318387,0.014839485963183147,0.5928725765135332,0.21439979175516957,0.01661889800708251,0.1779171607214056,0.2966677773279647
2024-04-30,0.4532853088845231,0.4562875219741862,0.6548097593121441,0.6722394966430396,0.8854601987303913,0.44947140844506905,0.25531995011318387,0.0023270316784817567,0.6693393950908106,0.014839485963183147,0.21439979175516957,0.01661889800708251,0.29787783582056815
2024-05-01,0.4180309975987775,0.06424012868183891,0.4562875219741862,0.6871437898266921,0.8932297184221384,0.44947140844506905,0.25531995011318387,0.5755851438153856,0.6655353962956476,0.0023270316784817567,0.014839485963183147,0.21439979175516957,0.5988915575569608
2024-05-02,0.38441388343156513,0.06424012868183891,0.06424012868183891,0.7020480830103446,0.9009992381138855,0.44947140844506905,0.25531995011318387,0.07870409902703404,0.6821321692607819,0.5755851438153856,0.0023270316784817567,0.014839485963183147,0.5667443056930734
2024-05-03,0.3629120279414976,0.5374299769144072,0.06424012868183891,0.7169523761939969,0.9087687578056327,0.44947140844506905,0.25531995011318387,0.24063174563816653,0.6054539164115798,0.07870409902703404,0.5755851438153856,0.0023270316784817567,0.5996434177826616
2024-05-04,0.3408644400785854,0.3400460923296305,0.5374299769144072,0.7318566693776494,0.9165382774973799,0.44947140844506905,0.25531995011318387,0.02688270206554821,0.6344294257716228,0.24063174563816653,0.07870409902703404,0.5755851438153856,0.605027652416969
2024-05-05,0.42883649858109574,0.8749880496410287,0.3400460923296305,0.7467609625613019,0.924307797189127,0.44947140844506905,0.25531995011318387,0.15069594953595067,0.5580228947611464,0.02688270206554821,0.24063174563816653,0.07870409902703404,0.5716095910762264
2024-05-06,0.5246671032525649,0.6750475197321776,0.8749880496410287,0.7616652557449541,0.9320773168808741,0.44947140844506905,0.25531995011318387,0.01830704810650827,0.6068530432502184,0.15069594953595067,0.02688270206554821,0.24063174563816653,0.5734286211436705
2024-05-07,0.6444206306681749,0.6750475197321776,0.6750475197321776,0.7765695489286066,0.9398468365726212,0.44947140844506905,0.25531995011318387,0.09479737962164818,0.6731390854486123,0.01830704810650827,0.15069594953595067,0.02688270206554821,0.6219371514318525
2024-05-08,0.5653787382667539,0.6518560518329846,0.6750475197321776,0.7914738421122591,0.9476163562643685,0.5509892921481174,0.39803561540946014,0.010849573411048308,0.6938991381062722,0.09479737962164818,0.01830704810650827,0.15069594953595067,0.3256855082715013
2024-05-09,0.5109146474568872,0.27213821249274933,0.6518560518329846,0.7908734167145939,0.9509962256592925,0.5509892921481174,0.39803561540946014,0.0006442268363444962,0.6211654888361441,0.010849573411048308,0.09479737962164818,0.01830704810650827,0.2847364931690498
2024-05-10,0.466819471731063,0.27213821249274933,0.27213821249274933,0.7902729913169286,0.9543760950542165,0.5509892921481174,0.39803561540946014,1.7478963556027235e-05,0.6050672417972209,0.0006442268363444962,0.010849573411048308,0.09479737962164818,0.15851392882953097
2024-05-11,0.4219602706832568,0.5074573664004861,0.27213821249274933,0.7896725659192634,0.9577559644491405,0.5509892921481174,0.39803561540946014,1.4523632285924086e-06,0.6249008887527097,1.7478963556027235e-05,0.0006442268363444962,0.010849573411048308,0.14441243635790546
2024-05-12,0.391399257803973,0.5074573664004861,0.5074573664004861,0.7890721405215981,0.9611358338440646,0.5509892921481174,0.39803561540946014,0.003620483467490162,0.6140478280854055,1.4523632285924086e-06,1.7478963556027235e-05,0.0006442268363444962,0.06725889623263968
2024-05-13,0.5612541504383093,0.9131969917820754,0.5074573664004861,0.7884717151239329,0.9645157032389887,0.5509892921481174,0.39803561540946014,0.051406394348482515,0.590179497598009,0.003620483467490162,1.4523632285924086e-06,1.7478963556027235e-05,0.08462230704931198
2024-05-14,0.5562104344029687,0.6901014338791387,0.9131969917820754,0.7878712897262676,0.9678955726339127,0.5509892921481174,0.39803561540946014,0.004650380888798166,0.6027183489701345,0.051406394348482515,0.003620483467490162,1.4523632285924086e-06,0.03733257022352656
2024-05-15,0.5073128137961144,0.6901014338791387,0.6901014338791387,0.7872708643286024,0.9712754420288366,0.5509892921481174,0.39803561540946014,0.0004448971943792679,0.6649876441808252,0.004650380888798166,0.051406394348482515,0.003620483467490162,0.03187443620952652
2024-05-16,0.5571180735072784,0.6901014338791387,0.6901014338791387,0.7866704389309371,0.9746553114237608,0.5509892921481174,0.39803561540946014,0.5452172590999919,0.6449450380131755,0.0004448971943792679,0.004650380888798166,0.051406394348482515,0.317549120227414
2024-05-17,0.5749836280288146,0.4132610002600391,0.6901014338791387,0.7860700135332719,0.9780351808186849,0.5509892921481174,0.39803561540946014,0.03386118140519176,0.6340143185262892,0.5452172590999919,0.0004448971943792679,0.004650380888798166,0.3353030089222346
2024-05-18,0.5199738048461033,0.4132610002600391,0.4132610002600391,0.7854695881356069,0.9814150502136089,0.6734843885334683,0.5253217888759152,0.0009414758086016377,0.6996510853251644,0.03386118140519176,0.5452172590999919,0.0004448971943792679,0.3357961308449454
2024-05-19,0.4650731281379612,0.5709592964807333,0.4132610002600391,0.7813675242935765,0.978922560494928,0.6734843885334683,0.5253217888759152,2.7225484224524e-06,0.7431245475281372,0.0009414758086016377,0.03386118140519176,0.5452172590999919,0.3338983087968889
2024-05-20,0.6835625409299279,0.5709592964807333,0.5709592964807333,0.7772654604515464,0.976430070776247,0.6734843885334683,0.5253217888759152,0.004040985639204206,0.7796157897507016,2.7225484224524e-06,0.0009414758086016377,0.03386118140519176,0.30905113979522914
2024-05-21,0.7738485046932985,0.6029111997903087,0.5709592964807333,0.7731633966095163,0.973937581057566,0.6734843885334683,0.5253217888759152,0.0002852520407626067,0.7925830556339207,0.004040985639204206,2.7225484224524e-06,0.0009414758086016377,0.30676125996189174
2024-05-22,0.7014843920541366,0.7777032977844351,0.6029111997903087,0.7690613327674862,0.971445091338885,0.6734843885334683,0.5253217888759152,0.041444155060154655,0.6467150571406506,0.0002852520407626067,0.004040985639204206,2.7225484224524e-06,0.3282688435950505
2024-05-23,0.6799825365640689,0.7777032977844351,0.7777032977844351,0.764959268925456,0.9689526016202041,0.6734843885334683,0.5253217888759152,0.006398401427579381,0.6445619384851397,0.041444155060154655,0.0002852520407626067,0.004040985639204206,0.04561271156329764
2024-05-24,0.6131848941279198,0.5631348021866186,0.7777032977844351,0.7608572050834259,0.9664601119015231,0.6734843885334683,0.5253217888759152,0.01724638584189416,0.7063461067042579,0.006398401427579381,0.041444155060154655,0.0002852520407626067,0.03689684391770896
2024-05-25,0.5531543331150405,0.12408032558681699,0.5631348021866186,0.7567551412413958,0.963967622182842,0.6734843885334683,0.5253217888759152,0.0016915097738938163,0.6783647463487712,0.01724638584189416,0.006398401427579381,0.041444155060154655,0.037290300264871214
2024-05-26,0.5060030561012879,0.12408032558681699,0.12408032558681699,0.7526530773993656,0.9614751324641612,0.6734843885334683,0.5253217888759152,0.07552519724142345,0.7659515806503193,0.0016915097738938163,0.01724638584189416,0.006398401427579381,0.07690823544702839
2024-05-27,0.43571272647893466,0.4974214928080265,0.12408032558681699,0.7485510135573352,0.9589826427454802,0.6734843885334683,0.5253217888759152,0.0031953326580132797,0.7239585861389176,0.07552519724142345,0.0016915097738938163,0.01724638584189416,0.07646461882652422
2024-05-28,0.37437240777122904,0.061569971808254895,0.4974214928080265,0.7444489497153051,0.9564901530267993,0.6734843885334683,0.5253217888759152,0.0002520290168891288,0.710523717298369,0.0031953326580132797,0.07552519724142345,0.0016915097738938163,0.07644719053631359
2024-05-29,0.36465837153459935,0.4384335455971643,0.061569971808254895,0.7403468858732749,0.9539976633081182,0.6734843885334683,0.5253217888759152,0.01756145757569229,0.6690161400633269,0.0002520290168891288,0.0031953326580132797,0.07552519724142345,0.06391869269827619
2024-05-30,0.341191879502292,0.4384335455971643,0.4384335455971643,0.7362448220312449,0.9515051735894372,0.6734843885334683,0.5253217888759152,0.01398777992838762,0.6671791109845071,0.01756145757569229,0.0002520290168891288,0.0031953326580132797,0.06789996458773855
2024-05-31,0.35669067889107187,0.4384335455971643,0.4384335455971643,0.7321427581892147,0.9490126838707563,0.6734843885334683,0.5253217888759152,0.01384318280982365,0.649753651343373,0.01398777992838762,0.01756145757569229,0.0002520290168891288,0.06611469632574944
2024-06-01,0.33769919231608825,0.47475948261892276,0.4384335455971643,0.7280406943471847,0.9465201941520754,0.6734843885334683,0.5253217888759152,0.001146380160869923,0.6843883390156589,0.01384318280982365,0.01398777992838762,0.01756145757569229,0.06582872966797709
2024-06-02,0.3088845230299062,0.6565659303198046,0.47475948261892276,0.7239386305051545,0.9440277044333943,0.6734843885334683,0.5253217888759152,0.004535252175869676,0.7304298285035674,0.001146380160869923,0.01384318280982365,0.01398777992838762,0.0285884902078068
2024-06-03,0.30844793713163066,0.6565659303198046,0.6565659303198046,0.7198365666631243,0.9415352147147134,0.6734843885334683,0.5253217888759152,0.29196752034338963,0.6757037209849861,0.004535252175869676,0.001146380160869923,0.01384318280982365,0.18007396338165138
2024-06-04,0.3059375682165464,0.5978324398950641,0.6565659303198046,0.715734502821094,0.9390427249960325,0.6734843885334683,0.5253217888759152,0.05499540967380282,0.7191710260948458,0.29196752034338963,0.004535252175869676,0.001146380160869923,0.20879150362823384
2024-06-05,0.32558393363894356,0.22154738072722063,0.5978324398950641,0.7116324389790638,0.9365502352773515,0.6734843885334683,0.5253217888759152,0.20248696136351435,0.7161436918862271,0.05499540967380282,0.29196752034338963,0.004535252175869676,0.305800594662067
2024-06-06,0.2858546168958742,0.556039645537671,0.22154738072722063,0.7075303751370337,0.9340577455586704,0.6734843885334683,0.5253217888759152,0.00933842235478793,0.7515914672467479,0.20248696136351435,0.05499540967380282,0.29196752034338963,0.3033616127862968
2024-06-07,0.24841737611875128,0.42842232497011923,0.556039645537671,0.7034283112950035,0.9315652558399895,0.6734843885334683,0.5253217888759152,1.2415933469879172e-05,0.7689358763197368,0.00933842235478793,0.20248696136351435,0.05499540967380282,0.2961062040109049
2024-06-08,0.21283562540929926,0.42842232497011923,0.42842232497011923,0.6993262474529734,0.9290727661213085,0.6734843885334683,0.5253217888759152,0.00046732696968806867,0.8531705324579265,1.2415933469879172e-05,0.00933842235478793,0.20248696136351435,0.29574998309226
2024-06-09,0.18762278978388994,0.42821256724755197,0.42842232497011923,0.6952241836109434,0.9265802764026276,0.6734843885334683,0.5253217888759152,0.004505438245497181,0.8051313794569896,0.00046732696968806867,1.2415933469879172e-05,0.00933842235478793,0.2957343431603613
2024-06-10,0.17518009168303864,0.3576239471933483,0.42821256724755197,0.6911221197689132,0.9240877866839465,0.6734843885334683,0.5253217888759152,0.000582584895873015,0.6919828612806161,0.004505438245497181,0.00046732696968806867,1.2415933469879172e-05,0.1428782624698989
2024-06-11,0.16247639114300091,0.25893704755297653,0.3576239471933483,0.6870200559268831,0.9215952969652657,0.6734843885334683,0.5253217888759152,5.0807407271816025e-06,0.7059197700211136,0.000582584895873015,0.004505438245497181,0.00046732696968806867,0.1140311769344723
2024-06-12,0.1530233573455578,0.3004144582669602,0.25893704755297653,0.6829179920848529,0.9191028072465847,0.7485892428436285,0.6130522504802041,8.66938882740938e-06,0.7457661390893452,5.0807407271816025e-06,0.000582584895873015,0.004505438245497181,0.007814161670399491
2024-06-13,0.14767518009168304,0.05665400864169458,0.3004144582669602,0.6676994349181486,0.8972356508843364,0.7485892428436285,0.6130522504802041,9.414747184892258e-06,0.7968796829906789,8.66938882740938e-06,5.0807407271816025e-06,0.000582584895873015,0.002920306957424623
2024-06-14,0.14254529578694616,0.24555874649133624,0.05665400864169458,0.6524808777514446,0.875368494522088,0.7485892428436285,0.6130522504802041,0.00015117936350781164,0.8432493623474515,9.414747184892258e-06,8.66938882740938e-06,5.0807407271816025e-06,0.002993100130572671
2024-06-15,0.13796114385505356,0.24174241349086656,0.24555874649133624,0.6372623205847404,0.8535013381598398,0.7485892428436285,0.6130522504802041,0.0001928566575270527,0.8344596612239035,0.00015117936350781164,9.414747184892258e-06,8.66938882740938e-06,0.002849117202565821
2024-06-16,0.1337044313468673,0.24174241349086656,0.24174241349086656,0.6220437634180364,0.8316341817975913,0.7485892428436285,0.6130522504802041,0.0004613404126406479,0.8265784445364703,0.0001928566575270527,0.00015117936350781164,9.414747184892258e-06,0.0007276453299384715
2024-06-17,0.13195808775376558,0.21311548550913012,0.24174241349086656,0.6068252062513322,0.8097670254353431,0.7997700058073467,0.70164476360032,0.0003440245879651354,0.8257782210477407,0.0004613404126406479,0.0001928566575270527,0.00015117936350781164,0.0006025002409547044
2024-06-18,0.12901113294040603,0.3021161769335028,0.21311548550913012,0.5954903017077335,0.8105244090154735,0.7997700058073467,0.70164476360032,0.0006665615440133997,0.80965901239157,0.0003440245879651354,0.0004613404126406479,0.0001928566575270527,0.0009495029536619366
2024-06-19,0.1267190569744597,0.3021161769335028,0.3021161769335028,0.5841553971641348,0.8112817925956037,0.7997700058073467,0.70164476360032,0.0006682530288735859,0.7984335010644675,0.0006665615440133997,0.0003440245879651354,0.0004613404126406479,0.0012955104435486843
2024-06-20,0.1246452739576511,0.22006971767311972,0.3021161769335028,0.572820492620536,0.8120391761757342,0.7997700058073467,0.70164476360032,0.0017367430448178105,0.777939089543156,0.0006682530288735859,0.0006665615440133997,0.0003440245879651354,0.0022016404507036107
2024-06-21,0.12289893036454932,0.08602828670460806,0.22006971767311972,0.5614855880769373,0.8127965597558644,0.7997700058073467,0.70164476360032,0.0034489916789861557,0.8002457184330763,0.0017367430448178105,0.0006682530288735859,0.0006665615440133997,0.0039316223546155705
2024-06-22,0.1221349050425671,0.19671329487318573,0.08602828670460806,0.5501506835333385,0.8135539433359948,0.8493171946745,0.7734654067179483,0.00045806589007361975,0.8478279173449209,0.0034489916789861557,0.0017367430448178105,0.0006682530288735859,0.004070747061895764
2024-06-23,0.12137087972058494,0.1494891492608188,0.19671329487318573,0.5742363064208872,0.8300765567520174,0.8493171946745,0.7734654067179483,1.4605199591760998e-06,0.8915919087851876,0.00045806589007361975,0.0034489916789861557,0.0017367430448178105,0.0038295011036046166
2024-06-24,0.11853307138179434,0.19445169657121875,0.1494891492608188,0.5983219293084359,0.8465991701680399,0.8493171946745,0.7734654067179483,0.0002590216457538939,0.8937986995699898,1.4605199591760998e-06,0.00045806589007361975,0.0034489916789861557,0.0037849098601567934
2024-06-25,0.11580440951757251,0.19703631512540998,0.19445169657121875,0.6224075521959849,0.8631217835840623,0.8493171946745,0.7734654067179483,0.0013782370475914356,0.8822618807261066,0.0002590216457538939,1.4605199591760998e-06,0.00045806589007361975,0.004158243944958661
2024-06-26,0.4299775753606795,0.2848277661452075,0.19703631512540998,0.6464931750835335,0.8796443970000848,0.8493171946745,0.7734654067179483,0.0007703284642870662,0.8890376776667037,0.0013782370475914356,0.0002590216457538939,1.4605199591760998e-06,0.004211791157233426
2024-06-27,0.42414320017463447,0.280792440935967,0.2848277661452075,0.6705787979710824,0.8961670104161074,0.8966300839134149,0.8369735793244114,1.3379959584343416e-05,0.8310658501108391,0.0007703284642870662,0.0013782370475914356,0.0002590216457538939,0.0033077412398592365
2024-06-28,0.39903951102379376,0.444033753063904,0.280792440935967,0.6702255953791145,0.8945971403659275,0.8966300839134149,0.8369735793244114,1.1698228626865785e-05,0.8831850627393274,1.3379959584343416e-05,0.0007703284642870662,0.0013782370475914356,0.001504589665815173
2024-06-29,0.36793276577166545,0.3123097215960122,0.444033753063904,0.6698723927871466,0.8930272703157477,0.8966300839134149,0.8369735793244114,0.0036117781438448167,0.9217075040068854,1.1698228626865785e-05,1.3379959584343416e-05,0.0007703284642870662,0.0031589788812239348
2024-06-30,0.3399912682820345,0.46525157261743666,0.3123097215960122,0.6695191901951788,0.891457400265568,0.8966300839134149,0.8369735793244114,0.019607486544985734,0.8146272976327357,0.0036117781438448167,1.1698228626865785e-05,1.3379959584343416e-05,0.013444000279114824
2024-07-01,0.31870770574110463,0.3670794800191555,0.46525157261743666,0.669165987603211,0.8898875302153881,0.8966300839134149,0.8369735793244114,0.001074129437602692,0.8678315184040947,0.019607486544985734,0.0036117781438448167,1.1698228626865785e-05,0.013871593360448664
2024-07-02,0.28945645055664704,0.3670794800191555,0.3670794800191555,0.6688127850112432,0.8883176601652083,0.9296903083772821,0.8844987323666352,7.23651282709068e-07,0.9260640522549284,0.001074129437602692,0.019607486544985734,0.0036117781438448167,0.013148970900454382
2024-07-03,0.2642436149312377,0.3830439767607205,0.3670794800191555,0.6628967855105175,0.8842136837743325,0.9296903083772821,0.8844987323666352,0.0034443148429905515,0.9103139941788756,7.23651282709068e-07,0.001074129437602692,0.019607486544985734,0.014551703258736906
2024-07-04,0.25158262388124875,0.6217523738699403,0.3830439767607205,0.6569807860097917,0.8801097073834568,0.9296903083772821,0.8844987323666352,0.0017375721330241066,0.8906743185736506,0.0034443148429905515,7.23651282709068e-07,0.001074129437602692,0.015456188103104031
2024-07-05,0.23608382449246892,0.31127056175081225,0.6217523738699403,0.651064786509066,0.8760057309925812,0.9296903083772821,0.8844987323666352,0.07288325044971032,0.7726788847533497,0.0017375721330241066,0.0034443148429905515,7.23651282709068e-07,0.053683489899738854
2024-07-06,0.22604234883213284,0.27227841066980357,0.31127056175081225,0.6451487870083402,0.8719017546017055,0.9296903083772821,0.8844987323666352,0.003539989178472048,0.7705822952405602,0.07288325044971032,0.0017375721330241066,0.0034443148429905515,0.05364583050644575
2024-07-07,0.2787600960488976,0.3870443146806606,0.27227841066980357,0.6392327875076145,0.8677977782108297,0.9296903083772821,0.8844987323666352,0.008452561747559994,0.7882076083184323,0.003539989178472048,0.07288325044971032,0.0017375721330241066,0.047794127561293094
2024-07-08,0.38572364112639157,0.6140389009268086,0.3870443146806606,0.6333167880068888,0.8636938018199539,0.9296903083772821,0.8844987323666352,0.051774407381182865,0.7353480930924978,0.008452561747559994,0.003539989178472048,0.07288325044971032,0.07439071795973062
2024-07-09,0.37055228116131833,0.5167243911978205,0.6140389009268086,0.6274007885061631,0.8595898254290782,0.9296903083772821,0.8844987323666352,0.0044328245115174345,0.7566748580450099,0.051774407381182865,0.008452561747559994,0.003539989178472048,0.07671573028639682
2024-07-10,0.3494870115695261,0.5167243911978205,0.5167243911978205,0.6214847890054374,0.8554858490382027,0.9296903083772821,0.8844987323666352,0.00011083758127404566,0.7883890974228598,0.0044328245115174345,0.051774407381182865,0.008452561747559994,0.0749670390971485
2024-07-11,0.32994979262169843,0.4015281393782377,0.5167243911978205,0.6155687895047116,0.8513818726473269,0.9296903083772821,0.8844987323666352,0.0007554009397268528,0.8428701893031126,0.00011083758127404566,0.0044328245115174345,0.051774407381182865,0.07445180711048481
2024-07-12,0.3068107400130976,0.3227714606398495,0.4015281393782377,0.6096527900039859,0.8472778962564511,0.9051073136250443,0.8499270092453015,0.0004890921762484928,0.8697387811232091,0.0007554009397268528,0.00011083758127404566,0.0044328245115174345,0.03647493887750254
2024-07-13,0.27974241432001723,0.3231683567816999,0.3227714606398495,0.6202646246387409,0.8369847332155861,0.9051073136250443,0.8499270092453015,0.0003614790405973972,0.8718229036683064,0.0004890921762484928,0.0007554009397268528,0.00011083758127404566,0.034807541071352296
2024-07-14,0.260641781270465,0.23650428088991143,0.3231683567816999,0.6308764592734962,0.8266915701747212,0.9051073136250443,0.8499270092453015,3.498069988218179e-05,0.8828298763852801,0.0003614790405973972,0.0004890921762484928,0.0007554009397268528,0.030391806792343563
2024-07-15,0.2444881030342719,0.07973931107703199,0.23650428088991143,0.6414882939082514,0.8163984071338561,0.9051073136250443,0.8499270092453015,1.0905375450097795e-06,0.9179961977276359,3.498069988218179e-05,0.0003614790405973972,0.0004890921762484928,0.003232316598007821
2024-07-16,0.23051735428945644,0.2218845121044296,0.07973931107703199,0.6521001285430066,0.8061052440929911,0.9051073136250443,0.8499270092453015,5.800850095841645e-05,0.9325697010059055,1.0905375450097795e-06,3.498069988218179e-05,0.0003614790405973972,0.0009373550273662139
2024-07-17,0.4102815979043877,0.4845425180543026,0.2218845121044296,0.6627119631777617,0.7958120810521263,0.9051073136250443,0.8499270092453015,0.2003902669160836,0.8105741275433445,5.800850095841645e-05,1.0905375450097795e-06,3.498069988218179e-05,0.10600088057999553
2024-07-18,0.43451211525867706,0.4845425180543026,0.4845425180543026,0.673323797812517,0.7855189180112613,0.9051073136250443,0.8499270092453015,0.015017273946087867,0.7771569859363897,0.2003902669160836,5.800850095841645e-05,1.0905375450097795e-06,0.11348244103784598
2024-07-19,0.4026413446845666,0.35244254961549387,0.4845425180543026,0.6839356324472721,0.7752257549703964,0.9051073136250443,0.8499270092453015,6.503500289961805e-05,0.74995832503539,0.015017273946087867,0.2003902669160836,5.800850095841645e-05,0.11325998713024353
2024-07-20,0.38212180746561886,0.4013677290898082,0.35244254961549387,0.6945474670820273,0.7649325919295313,0.9051073136250443,0.8499270092453015,0.003284149545425134,0.7462327336889938,6.503500289961805e-05,0.015017273946087867,0.2003902669160836,0.1147931753777123
2024-07-21,0.46671032525649425,0.4013677290898082,0.4013677290898082,0.7051593017167824,0.7546394288886663,0.9051073136250443,0.8499270092453015,0.5966704537998725,0.6998592042392588,0.003284149545425134,6.503500289961805e-05,0.015017273946087867,0.42777901961464215
2024-07-22,0.4605981226806374,0.4710876433879658,0.4013677290898082,0.7157711363515378,0.7443462658478014,0.8470252912228249,0.8366744427843532,0.03726919394968407,0.7003484104959952,0.5966704537998725,0.003284149545425134,6.503500289961805e-05,0.4473292966857521
2024-07-23,0.43200174634359323,0.3436021788324037,0.4710876433879658,0.6982344624726635,0.7679314634714218,0.8470252912228249,0.8366744427843532,0.0004999418863099714,0.745286985853124,0.03726919394968407,0.5966704537998725,0.003284149545425134,0.44756112818077215
2024-07-24,0.408316961362148,0.3613946888091247,0.3436021788324037,0.6806977885937893,0.7915166610950423,0.8470252912228249,0.8366744427843532,0.00042659754251801323,0.7689998459198911,0.0004999418863099714,0.03726919394968407,0.5966704537998725,0.34266324547457405
2024-07-25,0.38070290329622347,0.3302402715777313,0.3613946888091247,0.663161114714915,0.8151018587186626,0.8470252912228249,0.8366744427843532,8.59424556826526e-05,0.7894418992325253,0.00042659754251801323,0.0004999418863099714,0.03726919394968407,0.33483049733470155
2024-07-26,0.34959615804409505,0.3302402715777313,0.3302402715777313,0.6456244408360408,0.8386870563422831,0.8470252912228249,0.8366744427843532,0.0002882055440478506,0.7893807866458007,8.59424556826526e-05,0.00042659754251801323,0.0004999418863099714,0.3349475691874145
2024-07-27,0.3203449028596377,0.24564889167800363,0.3302402715777313,0.6280877669571665,0.8622722539659036,0.833101764860595,0.8262489428776321,0.00022139683509825206,0.7733069235289809,0.0002882055440478506,8.59424556826526e-05,0.00042659754251801323,0.3333408959573601
2024-07-28,0.29447718838681514,0.1461624930489741,0.24564889167800363,0.6102537999840707,0.8484780608168402,0.833101764860595,0.8262489428776321,0.00023587745322819543,0.8067907236899056,0.00022139683509825206,0.0002882055440478506,8.59424556826526e-05,0.020460439084717785
2024-07-29,0.2730844793713163,0.1461624930489741,0.1461624930489741,0.5924198330109751,0.8346838676677768,0.833101764860595,0.8262489428776321,3.5982680318933074e-05,0.8603989292158117,0.00023587745322819543,0.00022139683509825206,0.0002882055440478506,0.0009284658980661646
2024-07-30,0.25496616459288357,0.2210100996434266,0.1461624930489741,0.5745858660378793,0.8208896745187133,0.833101764860595,0.8262489428776321,1.2006869131683378e-05,0.8890169452216564,3.5982680318933074e-05,0.00023587745322819543,0.00022139683509825206,0.0006725026505394567
2024-07-31,0.24077712289893047,0.08918204013208099,0.2210100996434266,0.5567518990647837,0.8070954813696499,0.833101764860595,0.8262489428776321,1.2302071854314614e-05,0.8955918650896874,1.2006869131683378e-05,3.5982680318933074e-05,0.00023587745322819543,0.00045516958287004114
2024-08-01,0.23521065269591804,0.20962769270095233,0.08918204013208099,0.5389179320916883,0.7933012882205865,0.8290676474193854,0.8133369535730399,0.003718142603884627,0.9116852231216731,1.2302071854314614e-05,1.2006869131683378e-05,3.5982680318933074e-05,0.002360566229696596
2024-08-02,0.25153991439119994,0.4508178424135554,0.20962769270095233,0.5070542384582704,0.7808080141135267,0.8290676474193854,0.8133369535730399,0.003262268755612724,0.8713427267962576,0.003718142603884627,1.2302071854314614e-05,1.2006869131683378e-05,0.003920714305118902
2024-08-03,0.2511460379829731,0.4508178424135554,0.4508178424135554,0.4751905448248525,0.7683147400064669,0.8290676474193854,0.8133369535730399,0.00014859132309643803,0.8290788049097552,0.003262268755612724,0.003718142603884627,1.2302071854314614e-05,0.0038825216470112747
2024-08-04,0.23870333988212186,0.23830917678207802,0.4508178424135554,0.44332685119143467,0.7558214658994074,0.8290676474193854,0.8133369535730399,1.1044998604625925e-06,0.8400506378893607,0.00014859132309643803,0.003262268755612724,0.003718142603884627,0.0037593633462954163
2024-08-05,0.22702466710325267,0.3228874208845771,0.23830917678207802,0.4114631575580168,0.7433281917923477,0.8290676474193854,0.8133369535730399,0.0,0.8602864973343834,1.1044998604625925e-06,0.00014859132309643803,0.003262268755612724,0.0037404873825197223
2024-08-06,0.21862038856144936,0.3228874208845771,0.3228874208845771,0.3795994639245992,0.7308349176852879,0.808801426736697,0.7809080930315888,0.0,0.8829518876646774,0.0,1.1044998604625925e-06,0.00014859132309643803,0.0037341887626064665
2024-08-07,0.21239903951102376,0.21066456986416965,0.3228874208845771,0.3977396786366639,0.7452105646468047,0.808801426736697,0.7809080930315888,0.0,0.8511470335988617,0.0,0.0,1.1044998604625925e-06,0.0037277352838597532
2024-08-08,0.20683256930801128,0.2300045722120116,0.21066456986416965,0.4158798933487284,0.7595862116083215,0.808801426736697,0.7809080930315888,0.0,0.8429206377434554,0.0,0.0,0.0,0.0017772545391872051
2024-08-09,0.19919231608819046,0.1849357764311384,0.2300045722120116,0.43402010806079305,0.7739618585698383,0.808801426736697,0.7809080930315888,0.0,0.7599397521563772,0.0,0.0,0.0,6.591824317704479e-05
2024-08-10,0.1904938166149406,0.18115277058761786,0.1849357764311384,0.45216032277285756,0.7883375055313552,0.808801426736697,0.7809080930315888,0.06471320689191416,0.6444988397393461,0.0,0.0,0.0,0.03393552811843937
2024-08-11,0.4132665167089016,0.18115277058761786,0.18115277058761786,0.4703005374849223,0.8027131524928721,0.808801426736697,0.7809080930315888,0.1548453155678571,0.6991022179056365,0.06471320689191416,0.0,0.0,0.11516443305516645
2024-08-12,0.4946518227461254,0.642669626461298,0.18115277058761786,0.488440752196987,0.817088799454389,0.808801426736697,0.7809080930315888,0.015627304461211855,0.7962542873344245,0.1548453155678571,0.06471320689191416,0.0,0.12336227797130374
2024-08-13,0.46321763807029026,0.3393470936031802,0.642669626461298,0.5065809669090515,0.8314644464159058,0.808801426736697,0.7809080930315888,0.00042334364194771007,0.8576352652626207,0.015627304461211855,0.1548453155678571,0.06471320689191416,0.12358435757124589
2024-08-14,0.43866442679118844,0.3393470936031802,0.3393470936031802,0.5247211816211161,0.8458400933774226,0.808801426736697,0.7809080930315888,0.0005006225235241707,0.8988312599742431,0.00042334364194771007,0.015627304461211855,0.1548453155678571,0.12384697649055874
2024-08-15,0.4174852652259331,0.4269250100993116,0.3393470936031802,0.5428613963331809,0.8602157403389394,0.808801426736697,0.7809080930315888,0.0005681169301098373,0.9076019092488786,0.0005006225235241707,0.00042334364194771007,0.015627304461211855,0.12414500194330605
2024-08-16,0.4979659066103075,0.4269250100993116,0.4269250100993116,0.5610016110452456,0.8745913873004563,0.8035153835804987,0.7600729250304777,0.002465807567128873,0.8830855256136988,0.0005681169301098373,0.0005006225235241707,0.00042334364194771007,0.1254385268809262
2024-08-17,0.47173106308666213,0.5225617485709219,0.4269250100993116,0.5667126034514179,0.8528267777980685,0.8035153835804987,0.7600729250304777,0.0016305320250044474,0.8783099589147741,0.002465807567128873,0.0005681169301098373,0.0005006225235241707,0.09234632043306286
2024-08-18,0.44857302848248426,0.37046241471770414,0.5225617485709219,0.5724235958575903,0.8310621682956807,0.8035153835804987,0.7600729250304777,3.585363599295082e-05,0.9110717902542689,0.0016305320250044474,0.002465807567128873,0.0005681169301098373,0.011135644361697127
2024-08-19,0.4310194280724733,0.37046241471770414,0.37046241471770414,0.5781345882637625,0.8092975587932931,0.8035153835804987,0.7600729250304777,1.1178642484096373e-05,0.8607059435733742,3.585363599295082e-05,0.0016305320250044474,0.002465807567128873,0.002943663590440661
2024-08-20,0.411809648548352,0.29355624400783015,0.37046241471770414,0.5838455806699349,0.7875329492909053,0.8035153835804987,0.7600729250304777,1.3296664675859682e-05,0.8116412296983037,1.1178642484096373e-05,3.585363599295082e-05,0.0016305320250044474,0.0027285592174280918
2024-08-21,0.39470212503440494,0.08777725688819514,0.29355624400783015,0.5895565730761072,0.7657683397885177,0.7734907120889014,0.7450030319521141,0.003252577592969615,0.8031322492418796,1.3296664675859682e-05,1.1178642484096373e-05,3.585363599295082e-05,0.004172192758419599
2024-08-22,0.37797424143200187,0.08777725688819514,0.08777725688819514,0.5791227171576389,0.7791533224038463,0.7734907120889014,0.7450030319521141,0.0002944767328588597,0.7945340291306899,0.003252577592969615,1.3296664675859682e-05,1.1178642484096373e-05,0.0040286452959987645
2024-08-23,0.35865531543331164,0.23043454649095862,0.08777725688819514,0.5686888612391705,0.792538305019175,0.7734907120889014,0.7450030319521141,2.3666458285419e-05,0.8211815308901594,0.0002944767328588597,0.003252577592969615,1.3296664675859682e-05,0.0027475354204399877
2024-08-24,0.3402095612311722,0.3919181312371563,0.23043454649095862,0.558255005320702,0.8059232876345036,0.7734907120889014,0.7450030319521141,1.4563265404229346e-06,0.9045228737918914,2.3666458285419e-05,0.0002944767328588597,0.003252577592969615,0.0018929472241324254
2024-08-25,0.3342254871254614,0.21313320742197867,0.3919181312371563,0.5478211494022338,0.8193082702498323,0.7734907120889014,0.7450030319521141,1.0131117957925042e-05,0.9179596371226278,1.4563265404229346e-06,2.3666458285419e-05,0.0002944767328588597,0.0018794535845718047
2024-08-26,0.3080510408604712,0.17508523586403008,0.21313320742197867,0.5373872934837656,0.8326932528651609,0.7699174639852027,0.731262363817409,9.706037163837398e-06,0.8815961965970535,1.0131117957925042e-05,1.4563265404229346e-06,2.3666458285419e-05,0.0018786810783428423
2024-08-27,0.33263099949697705,0.17508523586403008,0.17508523586403008,0.5340983044635796,0.7904827639869438,0.7699174639852027,0.731262363817409,6.88227875962544e-06,0.860877364379139,9.706037163837398e-06,1.0131117957925042e-05,1.4563265404229346e-06,0.0018753161895928943
2024-08-28,0.28509059157389205,0.174843292325505,0.17508523586403008,0.5308093154433938,0.7482722751087266,0.7699174639852027,0.731262363817409,0.00018044727640669183,0.8637956126204528,6.88227875962544e-06,9.706037163837398e-06,1.0131117957925042e-05,0.0002637236107282963
2024-08-29,0.2760314341846758,0.13484084695055182,0.174843292325505,0.527520326423208,0.7060617862305096,0.7699174639852027,0.731262363817409,0.0003406626764697729,0.87306101411907,0.00018044727640669183,6.88227875962544e-06,9.706037163837398e-06,0.00028795205037810957
2024-08-30,0.2680637415411483,0.13484084695055182,0.13484084695055182,0.5242313374030223,0.6638512973522925,0.7699174639852027,0.731262363817409,0.018928293318768576,0.8214517401923666,0.0003406626764697729,0.00018044727640669183,6.88227875962544e-06,0.01020503017375823
2024-08-31,0.2600960488976207,0.21847493228164522,0.13484084695055182,0.5209423483828365,0.6216408084740753,0.7699174639852027,0.731262363817409,0.1253409283282728,0.745640445776597,0.018928293318768576,0.0003406626764697729,0.00018044727640669183,0.0759562002422177
2024-09-01,0.25485701811831485,0.08407908380781838,0.21847493228164522,0.5176533593626504,0.5794303195958582,0.7699174639852027,0.731262363817409,0.053874053679839023,0.771661237959198,0.1253409283282728,0.018928293318768576,0.0003406626764697729,0.10421239022259059
2024-09-02,0.24841737611875128,0.23924486887849294,0.08407908380781838,0.5143643703424647,0.5372198307176411,0.7699174639852027,0.731262363817409,0.002243329366584707,0.7509514351259722,0.053874053679839023,0.1253409283282728,0.018928293318768576,0.1053841148601381
2024-09-03,0.24121370879720574,0.18895335897587617,0.23924486887849294,0.5110753813222789,0.49500934183942397,0.7699174639852027,0.731262363817409,0.008238398894755153,0.7116447054766741,0.002243329366584707,0.053874053679839023,0.1253409283282728,0.10970224258395836
2024-09-04,0.23728443571272637,0.18895335897587617,0.18895335897587617,0.5077863923020931,0.4527988529612069,0.7699174639852027,0.731262363817409,0.0009246847557867694,0.7303668061485067,0.008238398894755153,0.002243329366584707,0.053874053679839023,0.11009265818326269
2024-09-05,0.23204540493342055,0.16556555967450537,0.18895335897587617,0.5044974032819073,0.4105883640829898,0.6881465383904222,0.6910904644812185,3.694163465518621e-07,0.7753678080129758,0.0009246847557867694,0.008238398894755153,0.002243329366584707,0.10991414554345193
2024-09-06,0.22615149530670145,0.21735774621594117,0.16556555967450537,0.5029897772569103,0.47576649316913333,0.6881465383904222,0.6910904644812185,0.001184144135334939,0.7646954878209112,3.694163465518621e-07,0.0009246847557867694,0.008238398894755153,0.10060583626109006
2024-09-07,0.2196027068325692,0.32762672521732134,0.21735774621594117,0.5014821512319133,0.5409446222552768,0.6881465383904222,0.6910904644812185,0.00014240244433519575,0.6965219986596491,0.001184144135334939,3.694163465518621e-07,0.0009246847557867694,0.0349286043703938
2024-09-08,0.21087098886705954,0.1862870204066997,0.32762672521732134,0.499974525206916,0.6061227513414204,0.6881465383904222,0.6910904644812185,1.2309370027398759e-05,0.6640394365633403,0.00014240244433519575,0.001184144135334939,3.694163465518621e-07,0.006673557067742372
2024-09-09,0.20519537218947823,0.0689431072435747,0.1862870204066997,0.4984668991819192,0.671300880427564,0.6881465383904222,0.6910904644812185,1.1577700956603936e-05,0.6888392298194598,1.2309370027398759e-05,0.00014240244433519575,0.001184144135334939,0.0055028142763952625
2024-09-10,0.1988648766644838,0.18593345371921421,0.0689431072435747,0.4969592731569222,0.7364790095137075,0.6573271031709531,0.6661574991924688,1.4550129812324123e-06,0.6938181944851544,1.1577700956603936e-05,1.2309370027398759e-05,0.00014240244433519575,0.0011818394919523509
2024-09-11,0.1937349923597467,0.1586627916134017,0.18593345371921421,0.4750551109765898,0.718120370016302,0.6573271031709531,0.6661574991924688,1.2312193741693675e-05,0.7204893620938339,1.4550129812324123e-06,1.1577700956603936e-05,1.2309370027398759e-05,0.0007032227997423125
2024-09-12,0.19067889107181848,0.1586627916134017,0.1586627916134017,0.4531509487962577,0.6997617305188965,0.6573271031709531,0.6661574991924688,1.2782819364191292e-05,0.7445813799267926,1.2312193741693675e-05,1.4550129812324123e-06,1.1577700956603936e-05,0.000709734681114606
2024-09-13,0.18587644619078794,0.22664278344928573,0.1586627916134017,0.43124678661592564,0.681403091021491,0.6573271031709531,0.6661574991924688,1.642329051867011e-05,0.7383050867137961,1.2782819364191292e-05,1.2312193741693675e-05,1.4550129812324123e-06,9.716618506303117e-05
2024-09-14,0.18347522375027295,0.1002776177075859,0.22664278344928573,0.40934262443559355,0.6630444515240856,0.6573271031709531,0.6661574991924688,2.206377380350022e-06,0.7562527534084982,1.642329051867011e-05,1.2782819364191292e-05,1.2312193741693675e-05,2.3621472499140775e-05
2024-09-15,0.18052826893691346,0.21210087487107254,0.1002776177075859,0.38743846225526146,0.6446858120266803,0.620916204786746,0.6373549692927254,2.041034321348283e-05,0.7754562226478209,2.206377380350022e-06,1.642329051867011e-05,1.2782819364191292e-05,2.787111913616253e-05
2024-09-16,0.17638070290329613,0.19543335358210612,0.21210087487107254,0.37890860765988893,0.6489667597046345,0.620916204786746,0.6373549692927254,8.70057185353815e-06,0.7674001475716197,2.041034321348283e-05,2.206377380350022e-06,1.642329051867011e-05,2.6361821211548294e-05
2024-09-17,0.17310630866622997,0.2290799407473863,0.19543335358210612,0.3703787530645164,0.6532477073825886,0.620916204786746,0.6373549692927254,3.6182568056633656e-07,0.7608489699435317,8.70057185353815e-06,2.041034321348283e-05,2.206377380350022e-06,2.5788351872840182e-05
2024-09-18,0.16895874263261298,0.15834672316539766,0.2290799407473863,0.36184889846914386,0.6575286550605428,0.620916204786746,0.6373549692927254,5.2224350310247925e-06,0.780112130901939,3.6182568056633656e-07,8.70057185353815e-06,2.041034321348283e-05,2.206917288409282e-05
2024-09-19,0.1671032525649422,0.16471274968572142,0.15834672316539766,0.35331904387377133,0.6618096027384971,0.620916204786746,0.6373549692927254,4.531093417306379e-05,0.8582910033181843,5.2224350310247925e-06,3.6182568056633656e-07,8.70057185353815e-06,3.913292442738152e-05
2024-09-20,0.164592883649858,0.16471274968572142,0.16471274968572142,0.3447891892783988,0.6660905504164514,0.6050537883147253,0.6307360923096059,6.773127454002286e-05,0.8833487680810191,4.531093417306379e-05,5.2224350310247925e-06,3.6182568056633656e-07,6.604830813995324e-05
2024-09-21,0.16066361056537862,0.22436587042637957,0.16471274968572142,0.3400810124312419,0.6770997799977816,0.6050537883147253,0.6307360923096059,0.0018022856791287106,0.8840854497577004,6.773127454002286e-05,4.531093417306379e-05,5.2224350310247925e-06,0.0010103423793989617
2024-09-22,0.15607945863348602,0.7387985111684058,0.22436587042637957,0.3353728355840849,0.6881090095791118,0.6050537883147253,0.6307360923096059,0.04884476964854871,0.7556837646697908,0.0018022856791287106,6.773127454002286e-05,4.531093417306379e-05,0.026622854550539258
2024-09-23,0.19155206286836932,0.7387985111684058,0.7387985111684058,0.330664658736928,0.6991182391604419,0.6050537883147253,0.6307360923096059,0.34830494775183357,0.5834950486964198,0.04884476964854871,0.0018022856791287106,6.773127454002286e-05,0.2093337389734491
2024-09-24,0.19984719493560368,0.45764708736315773,0.7387985111684058,0.3259564818897711,0.7101274687417721,0.6050537883147253,0.6307360923096059,0.02410714693138163,0.6350522088647934,0.34830494775183357,0.04884476964854871,0.0018022856791287106,0.221979789750389
2024-09-25,0.19722767954595075,0.14128213972134557,0.45764708736315773,0.32124830504261415,0.7211366983231023,0.5674572793236674,0.5851490449548721,0.1757944436765348,0.6068214022084408,0.02410714693138163,0.34830494775183357,0.04884476964854871,0.31419612669085756
2024-09-26,0.1910063304955251,0.4104775393534894,0.14128213972134557,0.3057772588472117,0.7109962132091487,0.5674572793236674,0.5851490449548721,0.0077158441693945,0.6339877039947692,0.1757944436765348,0.02410714693138163,0.34830494775183357,0.3182199711128114
2024-09-27,0.18598559266535694,0.3325334538976785,0.4104775393534894,0.290306212651809,0.7008557280951949,0.5674572793236674,0.5851490449548721,6.646077092218397e-06,0.6355883343099888,0.0077158441693945,0.1757944436765348,0.02410714693138163,0.3181879267524682
2024-09-28,0.18282034490285973,0.3325334538976785,0.3325334538976785,0.27483516645640654,0.6907152429812414,0.5674572793236674,0.5851490449548721,1.0981282441745223e-06,0.6676996832763807,6.646077092218397e-06,0.0077158441693945,0.1757944436765348,0.3172430513106619
2024-09-29,0.17910936476751796,0.25479916766774396,0.3325334538976785,0.25936412026100386,0.6805747578672877,0.5674572793236674,0.5851490449548721,2.5859144258615204e-06,0.6853175406186727,1.0981282441745223e-06,6.646077092218397e-06,0.0077158441693945,0.29162118871678666
2024-09-30,0.1753983846321763,0.26441984215918146,0.25479916766774396,0.24389307406560112,0.6704342727533341,0.5441003644432669,0.5194240772331679,1.782185126312062e-05,0.6831441478625152,2.5859144258615204e-06,1.0981282441745223e-06,6.646077092218397e-06,0.10891508917755414
2024-10-01,0.17354289456450558,0.26441984215918146,0.26441984215918146,0.24078987751904604,0.6632322062961318,0.5441003644432669,0.5194240772331679,1.454264795909072e-06,0.6677031819719712,1.782185126312062e-05,2.5859144258615204e-06,1.0981282441745223e-06,0.09626961147746628
2024-10-02,0.16841301025976865,0.2214133042882112,0.26441984215918146,0.23768668097249093,0.6560301398389293,0.5441003644432669,0.5194240772331679,7.960164109798684e-06,0.6205439891072935,1.454264795909072e-06,1.782185126312062e-05,2.5859144258615204e-06,0.004054710707801682
2024-10-03,0.16874044968347532,0.09453764784853387,0.2214133042882112,0.23458348442593563,0.648828073381727,0.5441003644432669,0.5194240772331679,5.862640285979737e-06,0.7242023184129249,7.960164109798684e-06,1.454264795909072e-06,1.782185126312062e-05,1.0172314197399156e-05
2024-10-04,0.16841301025976865,0.19909635260829317,0.09453764784853387,0.23148028787938052,0.6416260069245247,0.5441003644432669,0.5194240772331679,4.050414395064135e-06,0.748686419324168,5.862640285979737e-06,7.960164109798684e-06,1.454264795909072e-06,8.810669244573866e-06
2024-10-05,0.1660117878192535,0.17626737460797282,0.19909635260829317,0.22837709133282516,0.6344239404673223,0.4955242405340372,0.4606684214575764,4.435737847855995e-06,0.73656683085327,4.050414395064135e-06,5.862640285979737e-06,7.960164109798684e-06,1.0561528197218444e-05
2024-10-06,0.16120934293822317,0.17626737460797282,0.17626737460797282,0.22482172552568108,0.6250462098178544,0.4955242405340372,0.4606684214575764,9.114507057719945e-06,0.7249347527648293,4.435737847855995e-06,4.050414395064135e-06,5.862640285979737e-06,1.3986328043502684e-05
2024-10-07,0.15542457978607285,0.196000786819728,0.17626737460797282,0.22126635971853698,0.6156684791683865,0.4955242405340372,0.4606684214575764,7.287118644434427e-07,0.6658909187689208,9.114507057719945e-06,4.435737847855995e-06,4.050414395064135e-06,5.01952853767025e-06
2024-10-08,0.14974896310849142,0.1467818054225693,0.196000786819728,0.21771099391139265,0.6062907485189187,0.4955242405340372,0.4606684214575764,1.7484023769772884e-05,0.6394775546073451,7.287118644434427e-07,9.114507057719945e-06,4.435737847855995e-06,1.3428494936001118e-05
2024-10-09,0.1454922506003057,0.1467818054225693,0.1467818054225693,0.21415562810424857,0.596913017869451,0.4955242405340372,0.4606684214575764,2.1962565848695684e-06,0.668358965861975,1.7484023769772884e-05,7.287118644434427e-07,9.114507057719945e-06,1.0404837201705066e-05
2024-10-10,0.14156297751582633,0.15775285232008368,0.1467818054225693,0.2106002622971042,0.5875352872199832,0.5388763637633363,0.4047863854311452,0.0016010199306312305,0.6965712554045493,2.1962565848695684e-06,1.7484023769772884e-05,7.287118644434427e-07,0.0008471999553587694
2024-10-11,0.13817943680419123,0.08712795837400751,0.15775285232008368,0.22039551345170327,0.5915388547631382,0.5388763637633363,0.4047863854311452,0.00014915866146889578,0.7219510834994269,0.0016010199306312305,2.1962565848695684e-06,1.7484023769772884e-05,0.0009233215224861278
2024-10-12,0.1338135778214363,0.1922412510973217,0.08712795837400751,0.23019076460630228,0.5955424223062934,0.5388763637633363,0.4047863854311452,0.0,0.7330630934748346,0.00014915866146889578,0.0016010199306312305,2.1962565848695684e-06,0.0009209946022513787
2024-10-13,0.12933857236411264,0.18736564989854831,0.1922412510973217,0.23998601576090106,0.5995459898494484,0.5388763637633363,0.4047863854311452,1.2865286288317578e-05,0.7029987717133985,0.0,0.00014915866146889578,0.0016010199306312305,0.0009229622036712799
2024-10-14,0.12082514734774066,0.18736564989854831,0.18736564989854831,0.2497812669155001,0.6035495573926034,0.5388763637633363,0.4047863854311452,0.00018490647262494727,0.5749440991710613,1.2865286288317578e-05,0.0,0.00014915866146889578,0.0010195790401489751
2024-10-15,0.11067452521283563,0.17157299760698158,0.18736564989854831,0.2595765180700989,0.6075531249357585,0.5072894294635948,0.35965007812524563,8.380186412444118e-06,0.5409154344650395,0.00018490647262494727,1.2865286288317578e-05,0.0,0.0010148033063055372
2024-10-16,0.10181183147784337,0.10180491871898627,0.17157299760698158,0.26329073997975555,0.5935558538548378,0.5072894294635948,0.35965007812524563,5.429997881849794e-06,0.4330026607656362,8.380186412444118e-06,0.00018490647262494727,1.2865286288317578e-05,0.0010164996775330482
2024-10-17,0.09539401877319367,0.10180491871898627,0.10180491871898627,0.2670049618894122,0.579558582773917,0.5072894294635948,0.35965007812524563,1.8117409314058796e-06,0.4566518567951806,5.429997881849794e-06,8.380186412444118e-06,0.00018490647262494727,0.00017757951952908707
2024-10-18,0.09414120706509863,0.11074940055214762,0.10180491871898627,0.2707191837990689,0.5655613116929963,0.5072894294635948,0.35965007812524563,5.789210309931463e-06,0.5332908600855591,1.8117409314058796e-06,5.429997881849794e-06,8.380186412444118e-06,0.00010237009814549878
2024-10-19,0.09288364985810951,0.11074940055214762,0.11074940055214762,0.27443340570872554,0.5515640406120758,0.5072894294635948,0.35965007812524563,2.259781006259216e-05,0.5740556902196867,5.789210309931463e-06,1.8117409314058796e-06,5.429997881849794e-06,0.00011422456369311045
2024-10-20,0.08993669504474996,0.15470808658146368,0.11074940055214762,0.27814762761838197,0.537566769531155,0.4810451871329424,0.3388693575708642,1.3802393313308245e-05,0.5748584651589133,2.259781006259216e-05,5.789210309931463e-06,1.8117409314058796e-06,0.00011471615570629254
2024-10-21,0.08655315433311514,0.16099990518569113,0.15470808658146368,0.25568344048677605,0.5335788859718377,0.4810451871329424,0.3388693575708642,9.485905455321352e-06,0.6127391784314127,1.3802393313308245e-05,2.259781006259216e-05,5.789210309931463e-06,2.269320905372957e-05
2024-10-22,0.08840864440078586,0.16099990518569113,0.16099990518569113,0.23321925335516994,0.5295910024125203,0.4810451871329424,0.3388693575708642,1.2326109790234575e-05,0.7028019586278491,9.485905455321352e-06,1.3802393313308245e-05,2.259781006259216e-05,2.476318010871182e-05
2024-10-23,0.08567998253656398,0.15064617850295037,0.16099990518569113,0.21075506622356407,0.525603118853203,0.4810451871329424,0.3388693575708642,0.00022018737572694744,0.6887867341074623,1.2326109790234575e-05,9.485905455321352e-06,1.3802393313308245e-05,0.00013742161602388992
2024-10-24,0.08622571490940825,0.3171360168639566,0.15064617850295037,0.18829087909195794,0.5216152352938855,0.4810451871329424,0.3388693575708642,3.0529990989215566e-05,0.7249122786110607,0.00022018737572694744,1.2326109790234575e-05,9.485905455321352e-06,0.0001524867707868974
2024-10-25,0.0852433966382887,0.3171360168639566,0.3171360168639566,0.16582669196035185,0.5176273517345684,0.4446715968485273,0.304841164275087,0.0007437708162007162,0.6824468532479787,3.0529990989215566e-05,0.00022018737572694744,1.2326109790234575e-05,0.0005396206345361321
2024-10-26,0.07858546168958744,0.1639890357388935,0.3171360168639566,0.16835558819770505,0.5229408461161437,0.4446715968485273,0.304841164275087,4.231330765315084e-05,0.5640806035295727,0.0007437708162007162,3.0529990989215566e-05,0.00022018737572694744,0.0005499630830430415
2024-10-27,0.07345557738485056,0.3427367933410598,0.1639890357388935,0.17088448443505802,0.5282543404977189,0.4446715968485273,0.304841164275087,0.0,0.5643734244888686,4.231330765315084e-05,0.0007437708162007162,3.0529990989215566e-05,0.0005427225586048776
2024-10-28,0.07479510230001388,0.1152633211665693,0.3427367933410598,0.173413380672411,0.5335678348792944,0.4446715968485273,0.304841164275087,0.0,0.6982166048551046,0.0,4.231330765315084e-05,0.0007437708162007162,0.0005377463976805876
2024-10-29,0.07785465485986537,0.1152633211665693,0.1152633211665693,0.175942276909764,0.5388813292608696,0.4446715968485273,0.304841164275087,0.00016156908463084392,0.7436964238365672,0.0,0.0,4.231330765315084e-05,0.000616036979757813
2024-10-30,0.07858546168958744,0.1152633211665693,0.1152633211665693,0.17847117314711697,0.5441948236424449,0.4446715968485273,0.304841164275087,0.00329503011989573,0.7234783787105756,0.00016156908463084392,0.0,0.0,0.0022290524566605384
2024-10-31,0.2800698537437242,0.7488261256024181,0.1152633211665693,0.18100006938446994,0.5495083180240202,0.4446715968485273,0.304841164275087,0.13793949214235407,0.5216270798427551,0.00329503011989573,0.00016156908463084392,0.0,0.0745739848196579
2024-11-01,0.3018801666619211,0.23607048830655686,0.7488261256024181,0.1835289656218229,0.5548218124055955,0.4446715968485273,0.304841164275087,0.006711866452404314,0.47671958023597605,0.13793949214235407,0.00329503011989573,0.00016156908463084392,0.07770475651427164
2024-11-02,0.3058663857331321,0.23607048830655686,0.23607048830655686,0.18605786185917608,0.5601353067871708,0.4446715968485273,0.304841164275087,0.0026573642200203402,0.5654375626833721,0.006711866452404314,0.13793949214235407,0.00329503011989573,0.079076572228274
2024-11-03,0.5090591573892165,0.23607048830655686,0.23607048830655686,0.18858675809652908,0.5654488011687462,0.4446715968485273,0.304841164275087,0.7902315706970159,0.5916157197767903,0.0026573642200203402,0.006711866452404314,0.13793949214235407,0.49361996840316136
2024-11-04,0.6257835157638693,0.24910794344485232,0.23607048830655686,0.19111565433388206,0.5707622955503214,0.4446715968485273,0.304841164275087,0.15633557581000393,0.5842635700307861,0.7902315706970159,0.0026573642200203402,0.006711866452404314,0.575631220474592
2024-11-05,0.6934075529360401,0.8719920087869147,0.24910794344485232,0.19364455057123503,0.5760757899318968,0.4446715968485273,0.304841164275087,0.008321344587325587,0.48848289760441,0.15633557581000393,0.7902315706970159,0.0026573642200203402,0.5799117139075843
2024-11-06,0.5579567779960707,0.8250339201354735,0.8719920087869147,0.196173446808588,0.5813892843134721,0.4446715968485273,0.304841164275087,2.2357579659971172e-05,0.4387371756191646,0.008321344587325587,0.15633557581000393,0.7902315706970159,0.5781949199452765
2024-11-07,0.4934512115258677,0.8250339201354735,0.8250339201354735,0.19870234304594098,0.5867027786950474,0.4446715968485273,0.304841164275087,3.632278747185282e-06,0.4583020799745292,2.2357579659971172e-05,0.008321344587325587,0.15633557581000393,0.505835877453811
2024-11-08,0.6082733027723205,0.8250339201354735,0.8250339201354735,0.20123123928329398,0.5920162730766227,0.4446715968485273,0.304841164275087,0.18202880136376667,0.46743566162357963,3.632278747185282e-06,2.2357579659971172e-05,0.008321344587325587,0.5978044602086411
2024-11-09,0.8538006700644437,0.6755695483499957,0.8250339201354735,0.20376013552064695,0.5973297674581981,0.4143388098842622,0.2825017903706448,0.20455377451258938,0.4551013999136636,0.18202880136376667,3.632278747185282e-06,2.2357579659971172e-05,0.7037162292415814
2024-11-10,0.6669941060903735,0.6755695483499957,0.6755695483499957,0.19074856900129372,0.6005403232330528,0.4143388098842622,0.2825017903706448,0.008921065282996448,0.4637228733641029,0.20455377451258938,0.18202880136376667,3.632278747185282e-06,0.293852687475256
2024-11-11,0.5740013097576948,0.8405145713032968,0.6755695483499957,0.17773700248194046,0.6037508790079076,0.4143388098842622,0.2825017903706448,4.367210604924701e-06,0.48652504894163406,0.008921065282996448,0.20455377451258938,0.18202880136376667,0.21184372637571638
2024-11-12,0.5219384413883431,0.8405145713032968,0.8405145713032968,0.164725435962587,0.6069614347827623,0.4143388098842622,0.2825017903706448,7.287118644434427e-07,0.4995625637432935,4.367210604924701e-06,0.008921065282996448,0.20455377451258938,0.2074788585430658
2024-11-13,0.49541584806810746,0.7690820644716966,0.8405145713032968,0.15171386944323378,0.610171990557617,0.4143388098842622,0.2825017903706448,0.027998032269506312,0.5106858948253921,7.287118644434427e-07,4.367210604924701e-06,0.008921065282996448,0.22215446962499666
2024-11-14,0.4707487448155423,0.7531907795668173,0.7690820644716966,0.1387023029238803,0.6133825463324718,0.4003610959438699,0.2625006619387978,0.002167252353553702,0.42705209763988583,0.027998032269506312,7.287118644434427e-07,4.367210604924701e-06,0.2232894716258043
2024-11-15,0.45044750054573224,0.7531907795668173,0.7531907795668173,0.15248802227875566,0.6175525627433553,0.4003610959438699,0.2625006619387978,2.94774010642799e-06,0.4465878207350882,0.002167252353553702,0.027998032269506312,7.287118644434427e-07,0.12780149272079996
2024-11-16,0.4375682165466056,0.700955213177699,0.7531907795668173,0.16627374163363073,0.621722579154239,0.4003610959438699,0.2625006619387978,3.9876727600952855e-06,0.486337051346719,2.94774010642799e-06,0.002167252353553702,0.027998032269506312,0.020497802931945135
2024-11-17,0.42916393800480235,0.5196331090902645,0.700955213177699,0.18005946098850611,0.6258925955651228,0.4003610959438699,0.2625006619387978,0.00602022527015439,0.5452449403934566,3.9876727600952855e-06,2.94774010642799e-06,0.002167252353553702,0.018976066626696184
2024-11-18,0.5801353416284653,0.5196331090902645,0.5196331090902645,0.1938451803433812,0.6300626119760063,0.4003610959438699,0.2625006619387978,0.5787710883941973,0.5778458928483994,0.00602022527015439,3.9876727600952855e-06,2.94774010642799e-06,0.3225882368932271
2024-11-19,0.8297694636637151,0.8238513248551343,0.5196331090902645,0.2076308996982563,0.63423262838689,0.400314224346788,0.25855595045079405,0.04269013625850825,0.4576117063604381,0.5787710883941973,0.00602022527015439,3.9876727600952855e-06,0.34498244719979637
2024-11-20,0.6830386378519974,0.2801684386884798,0.8238513248551343,0.25873384800810606,0.5630038767936685,0.400314224346788,0.25855595045079405,1.0981282441745223e-06,0.35310912194734034,0.04269013625850825,0.5787710883941973,0.00602022527015439,0.3302956837347952
2024-11-21,0.6046516242979898,0.7901816826018275,0.2801684386884798,0.3098367963179558,0.49177512520044725,0.400314224346788,0.25855595045079405,1.944002937487528e-05,0.33119286498327555,1.0981282441745223e-06,0.04269013625850825,0.5787710883941973,0.3291689742382029
2024-11-22,0.5562650076402533,0.6703569817872485,0.7901816826018275,0.3609397446278058,0.4205463736072257,0.400314224346788,0.25855595045079405,7.62155966474612e-06,0.30138510913905936,1.944002937487528e-05,1.0981282441745223e-06,0.04269013625850825,0.32917142605246175
2024-11-23,0.5224889192600817,0.6703569817872485,0.6703569817872485,0.41204269293765533,0.34931762201400435,0.400314224346788,0.25855595045079405,8.797676540546879e-06,0.3802103082725134,7.62155966474612e-06,1.944002937487528e-05,1.0981282441745223e-06,0.3291739493068807
2024-11-24,0.5056756166775813,0.618050776766589,0.6703569817872485,0.4631456412475051,0.278088870420783,0.32449963002599314,0.3065753014302743,7.337722712328522e-07,0.5351556801131927,8.797676540546879e-06,7.62155966474612e-06,1.944002937487528e-05,0.3260162161292789
2024-11-25,0.4864658371534598,0.618050776766589,0.618050776766589,0.3941612084539664,0.33706615330955814,0.32449963002599314,0.3065753014302743,1.1659389831093373e-05,0.3823503335563188,7.337722712328522e-07,8.797676540546879e-06,7.62155966474612e-06,0.022407871228443375
2024-11-26,0.4660554464090808,0.618050776766589,0.618050776766589,0.3251767756604275,0.39604343619833343,0.32449963002599314,0.3065753014302743,7.287118644434427e-07,0.25984451582903845,1.1659389831093373e-05,7.337722712328522e-07,8.797676540546879e-06,1.3660921874032962e-05
2024-11-27,0.45557738485046917,0.6878786826741887,0.618050776766589,0.25619234286688863,0.4550207190871087,0.32449963002599314,0.3065753014302743,0.0,0.355788710259346,7.287118644434427e-07,1.1659389831093373e-05,7.337722712328522e-07,1.308486059192831e-05
2024-11-28,0.4457197348315123,0.2405231085339125,0.6878786826741887,0.1872079100733497,0.513998001975884,0.32449963002599314,0.3065753014302743,1.381708666344494e-05,0.23484583165942186,0.0,7.287118644434427e-07,1.1659389831093373e-05,1.0135150842876942e-05
2024-11-29,0.4344757331004875,0.5799975135367712,0.2405231085339125,0.1182234772798108,0.5729752848646592,0.3160280343791747,0.2796982256907149,1.7548032778461157e-05,0.22618257247780954,1.381708666344494e-05,0.0,7.287118644434427e-07,1.5342426822712302e-05
2024-11-30,0.426819661551019,0.5836371046968073,0.5799975135367712,0.10420976342493615,0.5678973138248309,0.3160280343791747,0.2796982256907149,1.0981282441745223e-06,0.2973979864777716,1.7548032778461157e-05,1.381708666344494e-05,0.0,1.1303361543434925e-05
2024-12-01,0.42135996507312823,0.5836371046968073,0.5836371046968073,0.09019604957006155,0.5628193427850027,0.3160280343791747,0.2796982256907149,1.6752109287387874e-05,0.2463933757622754,1.0981282441745223e-06,1.7548032778461157e-05,1.381708666344494e-05,1.970633615743852e-05
2024-12-02,0.4144509932329187,0.591282138683763,0.5836371046968073,0.07618233571518696,0.5577413717451744,0.3160280343791747,0.2796982256907149,3.6435400390580552e-06,0.23130669481512503,1.6752109287387874e-05,1.0981282441745223e-06,1.7548032778461157e-05,1.5501343951055286e-05
2024-12-03,0.40925959000615186,0.38137944505884336,0.591282138683763,0.062168621860312356,0.552663400705346,0.3160280343791747,0.2796982256907149,5.910661544827787e-06,0.19425695994062347,3.6435400390580552e-06,1.6752109287387874e-05,1.0981282441745223e-06,1.8219715500574543e-05
2024-12-04,0.40635232481990835,0.38137944505884336,0.38137944505884336,0.0481549080054377,0.5475854296655178,0.31848261330621885,0.23596707063367423,1.460269621376256e-05,0.3709697490403987,5.910661544827787e-06,3.6435400390580552e-06,1.6752109287387874e-05,2.588006660047398e-05
2024-12-05,0.40819497412586514,0.6049699299189656,0.38137944505884336,0.05111796097983423,0.5455877716157128,0.31848261330621885,0.23596707063367423,6.994438027960125e-06,0.2482372036163688,1.460269621376256e-05,5.910661544827787e-06,3.6435400390580552e-06,2.2301009471982926e-05
2024-12-06,0.4464090809866842,0.23729365307122724,0.6049699299189656,0.05408101395423054,0.5435901135659078,0.31848261330621885,0.23596707063367423,8.385246559832437e-06,0.1664064263551697,6.994438027960125e-06,1.460269621376256e-05,5.910661544827787e-06,1.7494351957471724e-05
2024-12-07,0.39426825084978334,0.5416873448256135,0.23729365307122724,0.05704406692862707,0.5415924555161028,0.31848261330621885,0.23596707063367423,1.1312390570440249e-05,0.32539337217191044,8.385246559832437e-06,6.994438027960125e-06,1.460269621376256e-05,2.2852597756760455e-05
2024-12-08,0.39303645492250583,0.5275313132607699,0.5416873448256135,0.060007119903023376,0.5395947974662978,0.31848261330621885,0.23596707063367423,0.0001547247595178572,0.3728159602853731,1.1312390570440249e-05,8.385246559832437e-06,6.994438027960125e-06,9.523093991200968e-05
2024-12-09,0.3900325541224149,0.5275313132607699,0.5275313132607699,0.06297017287741963,0.537597139416493,0.31848261330621885,0.23596707063367423,0.0012123839300057756,0.3474472088468419,0.0001547247595178572,1.1312390570440249e-05,8.385246559832437e-06,0.0007293176619960088
2024-12-10,0.38581855110427765,0.5406412539278475,0.5275313132607699,0.06593322585181616,0.5355994813666879,0.31848261330621885,0.23596707063367423,0.0007733044891968737,0.2684834522011345,0.0012123839300057756,0.0001547247595178572,1.1312390570440249e-05,0.0011318807274502676
2024-12-11,0.37830168085570837,0.35687211475482267,0.5406412539278475,0.06889627882621246,0.5336018233168829,0.31848261330621885,0.23596707063367423,1.9776430348877683e-05,0.24729180717787239,0.0007733044891968737,0.0012123839300057756,0.0001547247595178572,0.0011345947892503862
2024-12-12,0.37364476460743645,0.35687211475482267,0.35687211475482267,0.071859331800609,0.5316041652670779,0.31848261330621885,0.23596707063367423,1.8891888527857948e-05,0.3310481809342022,1.9776430348877683e-05,0.0007733044891968737,0.0012123839300057756,0.0011408360098228583
2024-12-13,0.3716437459070072,0.4921059565361995,0.35687211475482267,0.0748223847750053,0.5296065072172731,0.31848261330621885,0.23596707063367423,6.597268629286165e-05,0.3806137735700743,1.8891888527857948e-05,1.9776430348877683e-05,0.0007733044891968737,0.0011710454999636914
2024-12-14,0.37186203885614477,0.20336446987647316,0.4921059565361995,0.07778543774940155,0.5276088491674681,0.3209280873447188,0.21922677665482604,0.03209419632540023,0.41332530925069627,6.597268629286165e-05,1.8891888527857948e-05,1.9776430348877683e-05,0.018001235736096837
2024-12-15,0.36482988742320754,0.511106503321541,0.20336446987647316,0.07588494454536493,0.5265198405996993,0.3209280873447188,0.21922677665482604,0.0021958315221740706,0.3718714805356802,0.03209419632540023,6.597268629286165e-05,1.8891888527857948e-05,0.019071969127070723
2024-12-16,0.36356690678891046,0.4839681952674234,0.511106503321541,0.07398445134132814,0.5254308320319306,0.3209280873447188,0.21922677665482604,0.015020331437728253,0.46453901668167363,0.0021958315221740706,0.03209419632540023,6.597268629286165e-05,0.02631540721067836
2024-12-17,0.35714405655466563,0.4839681952674234,0.4839681952674234,0.07208395813729152,0.5243418234641618,0.3209280873447188,0.21922677665482604,0.0008129471946460943,0.3529017211061409,0.015020331437728253,0.0021958315221740706,0.03209419632540023,0.026336203167660926
2024-12-18,0.35199738048461027,0.5481727348619847,0.4839681952674234,0.07018346493325472,0.5232528148963932,0.3209280873447188,0.21922677665482604,1.4969024359396116e-05,0.31856911295003976,0.0008129471946460943,0.015020331437728253,0.0021958315221740706,0.026333681276003384
2024-12-19,0.3439860292512552,0.3178177087106462,0.5481727348619847,0.06828297172921788,0.5221638063286245,0.30251237289335675,0.19346694883757343,8.374582261619948e-06,0.2663656871770448,1.4969024359396116e-05,0.0008129471946460943,0.015020331437728253,0.026328164057987945
2024-12-20,0.3388548608703468,0.6742042555044128,0.3178177087106462,0.07131837161218141,0.5261210783271025,0.30251237289335675,0.19346694883757343,7.287118674597352e-07,0.2401474096704409,8.374582261619948e-06,1.4969024359396116e-05,0.0008129471946460943,0.02629393806684664
2024-12-21,0.33318780470057496,0.43620303327347243,0.6742042555044128,0.07435377149514494,0.5300783503255806,0.30251237289335675,0.19346694883757343,0.0,0.1692734164143672,7.287118674597352e-07,8.374582261619948e-06,1.4969024359396116e-05,0.0094578135236321
2024-12-22,0.32792638490084447,0.16548676564278914,0.43620303327347243,0.07738917137810825,0.5340356223240588,0.30251237289335675,0.19346694883757343,1.0543961629190459e-05,0.2598646065919249,0.0,7.287118674597352e-07,8.374582261619948e-06,0.008311445091188972
2024-12-23,0.3270028378083387,0.39643643045065396,0.16548676564278914,0.08042457126107178,0.5379928943225369,0.30251237289335675,0.19346694883757343,0.0025815577154096815,0.4028129206980926,1.0543961629190459e-05,0.0,7.287118674597352e-07,0.0017862546352410726
2024-12-24,0.5284872298624754,0.7748676257154421,0.39643643045065396,0.0834599711440353,0.5419501663210151,0.30251237289335675,0.19346694883757343,0.22188440969510823,0.3902075788316088,0.0025815577154096815,1.0543961629190459e-05,0.0,0.11775696279292377
2024-12-25,0.5706177690460597,0.7748676257154421,0.7748676257154421,0.08649537102699856,0.5459074383194932,0.30251237289335675,0.19346694883757343,0.014360936518411176,0.30662801906682197,0.22188440969510823,0.0025815577154096815,1.0543961629190459e-05,0.1252826379328745
2024-12-26,0.5438768827766862,0.6684207694261064,0.7748676257154421,0.08953077090996192,0.5498647103179712,0.30251237289335675,0.19346694883757343,0.01192313303043366,0.3352794942138989,0.014360936518411176,0.22188440969510823,0.0025815577154096815,0.1315329379903021
2024-12-27,0.5276140580659245,0.2904108327454219,0.6684207694261064,0.09256617079292545,0.5538219823164494,0.30251237289335675,0.19346694883757343,0.004898032881203699,0.3696627952606888,0.01192313303043366,0.014360936518411176,0.22188440969510823,0.134101988858097
2024-12-28,0.5133158698974024,0.2904108327454219,0.2904108327454219,0.09560157067588898,0.5577792543149274,0.30251237289335675,0.19346694883757343,0.0005531957322291857,0.38146916644647133,0.004898032881203699,0.01192313303043366,0.014360936518411176,0.13439218687864113
2024-12-29,0.49628901986465823,0.7253082756829894,0.2904108327454219,0.09863697055885223,0.5617365263134056,0.2898590609030942,0.18584886742605955,3.714912378782182e-05,0.36172411746358624,0.0005531957322291857,0.004898032881203699,0.01192313303043366,0.1344061435398098
2024-12-30,0.48209997817070493,0.2203071996059512,0.7253082756829894,0.09863697055885223,0.5617365263134056,0.2898590609030942,0.18584886742605955,1.4574237288868853e-06,0.4053557390410054,3.714912378782182e-05,0.0005531957322291857,0.004898032881203699,0.13305266238688424
2024-12-31,0.4778432656625191,0.5952318840703018,0.2203071996059512,0.09863697055885223,0.5617365263134056,0.2898590609030942,0.18584886742605955,1.4574237288868853e-06,0.4053557390410054,3.714912378782182e-05,0.0005531957322291857,0.004898032881203699,0.13305266238688424
